199.72.81.55	-	804571201	GET	/history/apollo/	200	6245		
unicomp6.unicomp.net	-	804571206	GET	/shuttle/countdown/	200	3985		
199.120.110.21	-	804571209	GET	/shuttle/missions/sts-73/mission-sts-73.html	200	4085		
burger.letters.com	-	804571211	GET	/shuttle/countdown/liftoff.html	304	0		
199.120.110.21	-	804571211	GET	/shuttle/missions/sts-73/sts-73-patch-small.gif	200	4179		
burger.letters.com	-	804571212	GET	/images/NASA-logosmall.gif	304	0		
burger.letters.com	-	804571212	GET	/shuttle/countdown/video/livevideo.gif	200	0		
205.212.115.106	-	804571212	GET	/shuttle/countdown/countdown.html	200	3985		
d104.aa.net	-	804571213	GET	/shuttle/countdown/	200	3985		
129.94.144.152	-	804571213	GET	/	200	7074		
unicomp6.unicomp.net	-	804571214	GET	/shuttle/countdown/count.gif	200	40310		
unicomp6.unicomp.net	-	804571214	GET	/images/NASA-logosmall.gif	200	786		
unicomp6.unicomp.net	-	804571214	GET	/images/KSC-logosmall.gif	200	1204		
d104.aa.net	-	804571215	GET	/shuttle/countdown/count.gif	200	40310		
d104.aa.net	-	804571215	GET	/images/NASA-logosmall.gif	200	786		
d104.aa.net	-	804571215	GET	/images/KSC-logosmall.gif	200	1204		
129.94.144.152	-	804571217	GET	/images/ksclogo-medium.gif	304	0		
199.120.110.21	-	804571217	GET	/images/launch-logo.gif	200	1713		
ppptky391.asahi-net.or.jp	-	804571218	GET	/facts/about_ksc.html	200	3977		
net-1-141.eden.com	-	804571219	GET	/shuttle/missions/sts-71/images/KSC-95EC-0916.jpg	200	34029		
ppptky391.asahi-net.or.jp	-	804571219	GET	/images/launchpalms-small.gif	200	11473		
205.189.154.54	-	804571224	GET	/shuttle/countdown/	200	3985		
waters-gw.starway.net.au	-	804571225	GET	/shuttle/missions/51-l/mission-51-l.html	200	6723		
ppp-mia-30.shadow.net	-	804571227	GET	/	200	7074		
205.189.154.54	-	804571229	GET	/shuttle/countdown/count.gif	200	40310		
alyssa.prodigy.com	-	804571233	GET	/shuttle/missions/sts-71/sts-71-patch-small.gif	200	12054		
ppp-mia-30.shadow.net	-	804571235	GET	/images/ksclogo-medium.gif	200	5866		
dial22.lloyd.com	-	804571237	GET	/shuttle/missions/sts-71/images/KSC-95EC-0613.jpg	200	61716		
smyth-pc.moorecap.com	-	804571238	GET	/history/apollo/apollo-13/images/70HC314.GIF	200	101267		
205.189.154.54	-	804571240	GET	/images/NASA-logosmall.gif	200	786		
ix-orl2-01.ix.netcom.com	-	804571241	GET	/shuttle/countdown/	200	3985		
ppp-mia-30.shadow.net	-	804571241	GET	/images/NASA-logosmall.gif	200	786		
ppp-mia-30.shadow.net	-	804571241	GET	/images/MOSAIC-logosmall.gif	200	363		
205.189.154.54	-	804571241	GET	/images/KSC-logosmall.gif	200	1204		
ppp-mia-30.shadow.net	-	804571241	GET	/images/USA-logosmall.gif	200	234		
ppp-mia-30.shadow.net	-	804571243	GET	/images/WORLD-logosmall.gif	200	669		
ix-orl2-01.ix.netcom.com	-	804571244	GET	/shuttle/countdown/count.gif	200	40310		
gayle-gaston.tenet.edu	-	804571250	GET	/shuttle/missions/sts-71/mission-sts-71.html	200	12040		
piweba3y.prodigy.com	-	804571254	GET	/shuttle/missions/sts-71/sts-71-patch-small.gif	200	12054		
scheyer.clark.net	-	804571258	GET	/shuttle/missions/sts-71/movies/sts-71-mir-dock-2.mpg	200	49152		
ppp-nyc-3-1.ios.com	-	804571259	GET	/shuttle/missions/sts-71/images/KSC-95EC-0882.jpg	200	77163		
199.72.81.55	-	804571259	GET	/history/	200	1382		
port26.annex2.nwlink.com	-	804571262	GET	/software/winvn/winvn.html	200	9867		
port26.annex2.nwlink.com	-	804571264	GET	/software/winvn/winvn.gif	200	25218		
port26.annex2.nwlink.com	-	804571264	GET	/images/construct.gif	200	1414		
port26.annex2.nwlink.com	-	804571264	GET	/software/winvn/bluemarb.gif	200	4441		
dd14-012.compuserve.com	-	804571265	GET	/shuttle/technology/images/srb_16-small.gif	200	42732		
205.189.154.54	-	804571266	GET	/cgi-bin/imagemap/countdown?99,176	302	110		
205.189.154.54	-	804571268	GET	/shuttle/missions/sts-71/images/images.html	200	7634		
www-a1.proxy.aol.com	-	804571269	GET	/shuttle/countdown/	200	3985		
dd15-062.compuserve.com	-	804571272	GET	/news/sci.space.shuttle/archive/sci-space-shuttle-22-apr-1995-40.txt	404	0		
205.212.115.106	-	804571273	GET	/shuttle/missions/sts-71/images/images.html	200	7634		
piweba3y.prodigy.com	-	804571274	GET	/shuttle/technology/images/srb_mod_compare_3-small.gif	200	55666		
remote27.compusmart.ab.ca	-	804571274	GET	/shuttle/missions/sts-71/sts-71-patch-small.gif	200	12054		
port26.annex2.nwlink.com	-	804571277	GET	/software/winvn/wvsmall.gif	200	13372		
ix-orl2-01.ix.netcom.com	-	804571278	GET	/images/KSC-logosmall.gif	200	1204		
smyth-pc.moorecap.com	-	804571279	GET	/history/apollo/images/footprint-small.gif	200	18149		
205.189.154.54	-	804571279	GET	/shuttle/missions/sts-71/images/KSC-95EC-0423.txt	200	1224		
www-b4.proxy.aol.com	-	804571281	GET	/shuttle/countdown/video/livevideo.gif	200	70712		
smyth-pc.moorecap.com	-	804571284	GET	/history/apollo/apollo-spacecraft.txt	200	2261		
slip1.yab.com	-	804571286	GET	/shuttle/resources/orbiters/endeavour.html	200	6168		
link097.txdirect.net	-	804571286	GET	/shuttle/missions/missions.html	200	8677		
port26.annex2.nwlink.com	-	804571287	GET	/images/KSC-logosmall.gif	200	1204		
port26.annex2.nwlink.com	-	804571287	GET	/images/MOSAIC-logosmall.gif	200	363		
remote27.compusmart.ab.ca	-	804571287	GET	/shuttle/countdown/	200	3985		
link097.txdirect.net	-	804571287	GET	/images/launchmedium.gif	200	11853		
slip1.yab.com	-	804571289	GET	/shuttle/resources/orbiters/endeavour.gif	200	16991		
link097.txdirect.net	-	804571291	GET	/images/NASA-logosmall.gif	200	786		
link097.txdirect.net	-	804571291	GET	/images/KSC-logosmall.gif	200	1204		
port26.annex2.nwlink.com	-	804571292	GET	/images/USA-logosmall.gif	200	234		
port26.annex2.nwlink.com	-	804571292	GET	/images/WORLD-logosmall.gif	200	669		
onyx.southwind.net	-	804571294	GET	/shuttle/countdown/countdown.html	200	3985		
onyx.southwind.net	-	804571295	GET	/shuttle/countdown/count.gif	200	40310		
onyx.southwind.net	-	804571299	GET	/images/KSC-logosmall.gif	304	0		
unicomp6.unicomp.net	-	804571301	GET	/htbin/cdt_main.pl	200	3214		
199.72.81.55	-	804571303	GET	/	200	7074		
link097.txdirect.net	-	804571304	GET	/shuttle/missions/sts-78/mission-sts-78.html	200	4377		
link097.txdirect.net	-	804571305	GET	/shuttle/missions/sts-78/sts-78-patch-small.gif	200	4179		
199.72.81.55	-	804571306	GET	/images/ksclogo-medium.gif	200	5866		
gater4.sematech.org	-	804571306	GET	/shuttle/countdown/	200	3985		
link097.txdirect.net	-	804571307	GET	/images/launch-logo.gif	200	1713		
ppp-nyc-3-1.ios.com	-	804571309	GET	/shuttle/missions/sts-71/images/KSC-95EC-0917.jpg	200	52491		
gater3.sematech.org	-	804571310	GET	/shuttle/countdown/count.gif	200	40310		
199.72.81.55	-	804571310	GET	/images/MOSAIC-logosmall.gif	200	363		
199.72.81.55	-	804571311	GET	/images/USA-logosmall.gif	200	234		
gater4.sematech.org	-	804571312	GET	/images/NASA-logosmall.gif	200	786		
199.72.81.55	-	804571312	GET	/images/WORLD-logosmall.gif	200	669		
ix-or10-06.ix.netcom.com	-	804571312	GET	/software/winvn/userguide/wvnguide.html	200	5998		
gater3.sematech.org	-	804571312	GET	/images/KSC-logosmall.gif	200	1204		
remote27.compusmart.ab.ca	-	804571313	GET	/cgi-bin/imagemap/countdown?102,174	302	110		
remote27.compusmart.ab.ca	-	804571315	GET	/shuttle/missions/sts-71/images/images.html	200	7634		
link097.txdirect.net	-	804571315	GET	/shuttle/resources/orbiters/columbia.html	200	6922		
dave.dev1.ihub.com	-	804571315	GET	/shuttle/countdown/	200	3985		
link097.txdirect.net	-	804571316	GET	/shuttle/resources/orbiters/columbia-logo.gif	200	11417		
netport-27.iu.net	-	804571317	GET	/	200	7074		
ix-or10-06.ix.netcom.com	-	804571317	GET	/software/winvn/userguide/wvnguide.gif	200	4151		
dave.dev1.ihub.com	-	804571318	GET	/images/NASA-logosmall.gif	200	786		
dave.dev1.ihub.com	-	804571318	GET	/images/KSC-logosmall.gif	200	1204		
dave.dev1.ihub.com	-	804571318	GET	/shuttle/countdown/count.gif	200	40310		
pm13.j51.com	-	804571318	GET	/shuttle/missions/sts-71/movies/crew-arrival-t38.mpg	200	305722		
bart-slip1.llnl.gov	-	804571319	GET	/shuttle/missions/missions.html	200	8677		
link097.txdirect.net	-	804571319	GET	/images/ksclogosmall.gif	200	3635		
link097.txdirect.net	-	804571319	GET	/shuttle/resources/orbiters/orbiters-logo.gif	200	1932		
netport-27.iu.net	-	804571320	GET	/images/ksclogo-medium.gif	304	0		
netport-27.iu.net	-	804571321	GET	/images/NASA-logosmall.gif	304	0		
netport-27.iu.net	-	804571321	GET	/images/MOSAIC-logosmall.gif	304	0		
netport-27.iu.net	-	804571321	GET	/images/USA-logosmall.gif	304	0		
smyth-pc.moorecap.com	-	804571322	GET	/history/apollo/images/footprint-small.gif	200	18149		
netport-27.iu.net	-	804571324	GET	/images/WORLD-logosmall.gif	304	0		
ix-or10-06.ix.netcom.com	-	804571324	GET	/software/winvn/userguide/winvnsm.gif	200	3293		
dd14-046.compuserve.com	-	804571325	GET	/shuttle/countdown/	200	3985		
205.189.154.54	-	804571331	GET	/shuttle/missions/sts-71/images/KSC-95EC-0869.gif	200	45798		
port2.electrotex.com	-	804571332	GET	/shuttle/countdown/video/livevideo.gif	200	70712		
199.33.32.50	-	804571332	GET	/shuttle/countdown/liftoff.html	200	4538		
scheyer.clark.net	-	804571333	GET	/shuttle/missions/sts-71/movies/sts-71-launch-3.mpg	200	130724		
199.33.32.50	-	804571334	GET	/images/NASA-logosmall.gif	200	786		
dynip42.efn.org	-	804571334	GET	/software	302	0		
remote27.compusmart.ab.ca	-	804571334	GET	/shuttle/missions/sts-71/images/KSC-95EC-0868.gif	200	47122		
ppp-nyc-3-1.ios.com	-	804571335	GET	/shuttle/missions/sts-71/images/KSC-95EC-0918.gif	200	31631		
smyth-pc.moorecap.com	-	804571335	GET	/history/apollo/images/footprint-small.gif	200	18149		
dynip42.efn.org	-	804571335	GET	/software/	200	689		
waters-gw.starway.net.au	-	804571336	GET	/shuttle/missions/51-l/51-l-info.html	200	1387		
199.33.32.50	-	804571336	GET	/shuttle/countdown/video/livevideo.gif	200	62761		
lmsmith.tezcat.com	-	804571336	GET	/shuttle/countdown/	200	3985		
dynip42.efn.org	-	804571337	GET	/icons/blank.xbm	200	509		
dynip42.efn.org	-	804571337	GET	/icons/menu.xbm	200	527		
unicomp6.unicomp.net	-	804571337	GET	/facilities/lcc.html	200	2489		
lmsmith.tezcat.com	-	804571339	GET	/shuttle/countdown/count.gif	200	40310		
lmsmith.tezcat.com	-	804571340	GET	/images/NASA-logosmall.gif	200	786		
unicomp6.unicomp.net	-	804571340	GET	/images/ksclogosmall.gif	200	3635		
unicomp6.unicomp.net	-	804571341	GET	/images/kscmap-tiny.gif	200	2537		
lmsmith.tezcat.com	-	804571341	GET	/images/KSC-logosmall.gif	200	1204		
ppp-nyc-3-1.ios.com	-	804571345	GET	/shuttle/missions/sts-71/images/KSC-95EC-0918.txt	200	1391		
link097.txdirect.net	-	804571345	GET	/shuttle/missions/sts-65/sts-65-patch-small.gif	200	11757		
gayle-gaston.tenet.edu	-	804571345	GET	/shuttle/countdown/	200	3985		
pme607.onramp.awinc.com	-	804571345	GET	/shuttle/missions/sts-71/sts-71-day-04-highlights.html	200	5544		
dynip42.efn.org	-	804571346	GET	/software/winvn/	200	2244		
onyx.southwind.net	-	804571347	GET	/cgi-bin/imagemap/countdown?103,146	302	96		
dynip42.efn.org	-	804571348	GET	/icons/image.xbm	200	509		
dynip42.efn.org	-	804571348	GET	/icons/text.xbm	200	527		
smyth-pc.moorecap.com	-	804571350	GET	/history/apollo/images/footprint-small.gif	200	18149		
usr7-dialup46.chicago.mci.net	-	804571355	GET	/shuttle/missions/	200	12283		
smyth-pc.moorecap.com	-	804571358	GET	/history/apollo/images/apollo-small.gif	200	9630		
dynip42.efn.org	-	804571359	GET	/software/winvn/winvn.html	200	9867		
ix-or10-06.ix.netcom.com	-	804571360	GET	/software/winvn	302	0		
gater3.sematech.org	-	804571361	GET	/cgi-bin/imagemap/countdown?99,173	302	110		
dynip42.efn.org	-	804571361	GET	/software/winvn/winvn.gif	200	25218		
dynip42.efn.org	-	804571361	GET	/images/construct.gif	200	1414		
dynip42.efn.org	-	804571362	GET	/software/winvn/bluemarb.gif	200	4441		
ix-or10-06.ix.netcom.com	-	804571362	GET	/software/winvn/	200	2244		
gater4.sematech.org	-	804571363	GET	/shuttle/missions/sts-71/images/images.html	200	7634		
ix-or10-06.ix.netcom.com	-	804571365	GET	/icons/blank.xbm	200	509		
ix-or10-06.ix.netcom.com	-	804571367	GET	/icons/menu.xbm	200	527		
ix-or10-06.ix.netcom.com	-	804571369	GET	/icons/image.xbm	200	509		
ix-or10-06.ix.netcom.com	-	804571372	GET	/icons/text.xbm	200	527		
remote27.compusmart.ab.ca	-	804571375	GET	/shuttle/missions/sts-71/images/KSC-95EC-0868.txt	200	657		
waters-gw.starway.net.au	-	804571377	GET	/shuttle/missions/51-l/images/	200	1038		
brandt.xensei.com	-	804571377	GET	/shuttle/missions/sts-71/mission-sts-71.html	200	12040		
sneaker.oregoncoast.com	-	804571377	GET	/shuttle/countdown/	304	0		
teleman.pr.mcs.net	-	804571378	GET	/msfc/astro_home.html	304	0		
slip1.yab.com	-	804571380	GET	/shuttle/missions/sts-49/mission-sts-49.html	200	9379		
onyx.southwind.net	-	804571380	GET	/cgi-bin/imagemap/countdown?102,210	302	95		
dd11-054.compuserve.com	-	804571381	GET	/	200	7074		
onyx.southwind.net	-	804571382	GET	/shuttle/countdown/tour.html	200	4347		
sneaker.oregoncoast.com	-	804571382	GET	/shuttle/countdown/count.gif	304	0		
sneaker.oregoncoast.com	-	804571382	GET	/images/NASA-logosmall.gif	304	0		
sneaker.oregoncoast.com	-	804571383	GET	/images/KSC-logosmall.gif	304	0		
onyx.southwind.net	-	804571383	GET	/images/KSC-94EC-412-small.gif	200	20484		
gater3.sematech.org	-	804571384	GET	/shuttle/missions/sts-71/images/KSC-95EC-0868.gif	200	47122		
ppp-nyc-3-1.ios.com	-	804571385	GET	/shuttle/countdown/count.gif	200	40310		
brandt.xensei.com	-	804571385	GET	/shuttle/missions/sts-71/sts-71-patch-small.gif	200	12054		
brandt.xensei.com	-	804571388	GET	/images/KSC-logosmall.gif	200	1204		
piweba3y.prodigy.com	-	804571389	GET	/shuttle/missions/sts-71/movies/sts-71-tcdt-crew-walkout.mpg	200	647168		
unicomp6.unicomp.net	-	804571389	GET	/images/lcc-small2.gif	200	58026		
gayle-gaston.tenet.edu	-	804571391	GET	/shuttle/missions/sts-71/images/images.html	200	7634		
129.188.154.200	-	804571392	GET	/facts/about_ksc.html	200	3977		
ppp-nyc-3-1.ios.com	-	804571393	GET	/shuttle/missions/sts-71/movies/movies.html	200	3092		
link097.txdirect.net	-	804571393	GET	/shuttle/missions/sts-65/mission-sts-65.html	200	130811		
lmsmith.tezcat.com	-	804571393	GET	/cgi-bin/imagemap/countdown?103,175	302	110		
ppp-nyc-3-1.ios.com	-	804571394	GET	/shuttle/missions/sts-71/sts-71-patch-small.gif	200	12054		
129.188.154.200	-	804571394	GET	/images/launchpalms-small.gif	200	11473		
lmsmith.tezcat.com	-	804571394	GET	/shuttle/missions/sts-71/images/images.html	200	7634		
brandt.xensei.com	-	804571395	GET	/images/launch-logo.gif	200	1713		
charger.execpc.com	-	804571395	GET	/shuttle/missions/missions.html	200	8677		
129.188.154.200	-	804571396	GET	/images/NASA-logosmall.gif	200	786		
129.188.154.200	-	804571396	GET	/images/KSC-logosmall.gif	200	1204		
charger.execpc.com	-	804571396	GET	/images/launchmedium.gif	200	11853		
129.94.144.152	-	804571399	GET	/images/shuttle-patch-small.gif	200	4179		
charger.execpc.com	-	804571399	GET	/images/NASA-logosmall.gif	200	786		
charger.execpc.com	-	804571399	GET	/images/KSC-logosmall.gif	200	1204		
www-a1.proxy.aol.com	-	804571400	GET	/cgi-bin/imagemap/countdown?107,144	302	96		
dd11-054.compuserve.com	-	804571404	GET	/images/ksclogo-medium.gif	200	5866		
ix-or10-06.ix.netcom.com	-	804571404	GET	/software	302	0		
pipe6.nyc.pipeline.com	-	804571405	GET	/shuttle/missions/sts-71/movies/movies.html	200	3092		
ix-or10-06.ix.netcom.com	-	804571406	GET	/software/	200	689		
port2.electrotex.com	-	804571407	GET	/images/NASA-logosmall.gif	200	786		
isdn6-34.dnai.com	-	804571410	GET	/shuttle/missions/sts-68/sts-68-patch-small.gif	200	17459		
midcom.com	-	804571411	GET	/history/apollo/apollo-13/apollo-13.html	200	18114		
isdn6-34.dnai.com	-	804571411	GET	/shuttle/missions/sts-68/mission-sts-68.html	200	49087		
midcom.com	-	804571413	GET	/history/apollo/apollo-13/apollo-13-patch-small.gif	200	12859		
ix-or10-06.ix.netcom.com	-	804571414	GET	/software/winvn/readme.txt	200	5736		
isdn6-34.dnai.com	-	804571416	GET	/shuttle/resources/orbiters/endeavour.html	200	6168		
dd11-054.compuserve.com	-	804571416	GET	/shuttle/missions/missions.html	200	8677		
isdn6-34.dnai.com	-	804571416	GET	/shuttle/resources/orbiters/endeavour-logo.gif	200	5052		
isdn6-34.dnai.com	-	804571417	GET	/shuttle/resources/orbiters/orbiters-logo.gif	200	1932		
isdn6-34.dnai.com	-	804571417	GET	/images/ksclogosmall.gif	200	3635		
teleman.pr.mcs.net	-	804571418	GET	/msfc/astro_home3.gif	200	73728		
isdn6-34.dnai.com	-	804571419	GET	/shuttle/missions/sts-68/sts-68-patch-small.gif	200	17459		
slip1.yab.com	-	804571420	GET	/images/landing-747.gif	200	110875		
isdn6-34.dnai.com	-	804571420	GET	/shuttle/missions/sts-68/mission-sts-68.html	200	49087		
bos1d.delphi.com	-	804571423	GET	/history/apollo/apollo-13/apollo-13.html	200	18114		
205.189.154.54	-	804571425	GET	/cgi-bin/imagemap/countdown?108,176	302	110		
charger.execpc.com	-	804571427	GET	/history/history.html	200	1502		
ix-ftw-tx1-24.ix.netcom.com	-	804571428	GET	/shuttle/countdown/countdown.html	200	3985		
midcom.com	-	804571428	GET	/images/ksclogosmall.gif	200	3635		
midcom.com	-	804571429	GET	/history/apollo/images/footprint-logo.gif	200	4209		
isdn6-34.dnai.com	-	804571431	GET	/facilities/lc39a.html	200	7008		
remote27.compusmart.ab.ca	-	804571431	GET	/shuttle/missions/sts-71/images/KSC-95EC-0868.jpg	200	61848		
205.189.154.54	-	804571431	GET	/shuttle/missions/sts-71/images/images.html	200	7634		
isdn6-34.dnai.com	-	804571431	GET	/images/lc39a-logo.gif	200	13116		
port2.electrotex.com	-	804571431	GET	/shuttle/countdown/video/livevideo.jpeg	200	44467		
isdn6-34.dnai.com	-	804571432	GET	/images/kscmap-tiny.gif	200	2537		
isdn6-34.dnai.com	-	804571432	GET	/images/ksclogosmall.gif	200	3635		
ix-ftw-tx1-24.ix.netcom.com	-	804571432	GET	/shuttle/countdown/count.gif	200	40310		
lmsmith.tezcat.com	-	804571432	GET	/shuttle/missions/sts-71/images/index71.gif	200	73728		
charger.execpc.com	-	804571433	GET	/history/apollo/images/apollo-small.gif	200	9630		
teleman.pr.mcs.net	-	804571436	GET	/shuttle/missions/missions.html	304	0		
teleman.pr.mcs.net	-	804571437	GET	/images/launchmedium.gif	304	0		
teleman.pr.mcs.net	-	804571437	GET	/images/NASA-logosmall.gif	304	0		
teleman.pr.mcs.net	-	804571437	GET	/images/KSC-logosmall.gif	304	0		
129.188.154.200	-	804571438	GET	/	200	7074		
www-a1.proxy.aol.com	-	804571441	GET	/cgi-bin/imagemap/countdown?99,113	302	111		
129.188.154.200	-	804571441	GET	/images/ksclogo-medium.gif	200	5866		
link097.txdirect.net	-	804571442	GET	/images/shuttle-patch-small.gif	200	4179		
smyth-pc.moorecap.com	-	804571443	GET	/history/apollo/images/footprint-small.gif	200	18149		
gayle-gaston.tenet.edu	-	804571444	GET	/shuttle/missions/sts-71/images/KSC-95EC-0915.gif	200	29634		
129.188.154.200	-	804571445	GET	/images/MOSAIC-logosmall.gif	200	363		
129.188.154.200	-	804571445	GET	/images/USA-logosmall.gif	200	234		
129.188.154.200	-	804571445	GET	/images/WORLD-logosmall.gif	200	669		
isdn6-34.dnai.com	-	804571450	GET	/images/dual-pad.gif	200	141308		
www-a1.proxy.aol.com	-	804571450	GET	/shuttle/missions/sts-71/mission-sts-71.html	200	12040		
charger.execpc.com	-	804571452	GET	/history/apollo/apollo.html	200	3258		
smyth-pc.moorecap.com	-	804571453	GET	/history/apollo/images/footprint-small.gif	200	18149		
205.212.115.106	-	804571453	GET	/shuttle/missions/sts-71/images/index71.gif	200	235862		
charger.execpc.com	-	804571454	GET	/history/apollo/images/footprint-small.gif	200	18149		
charger.execpc.com	-	804571455	GET	/history/apollo/images/apollo-logo.gif	200	3047		
unicomp6.unicomp.net	-	804571456	GET	/ksc.html	200	7074		
205.189.154.54	-	804571457	GET	/shuttle/missions/sts-71/images/KSC-95EC-0747.gif	200	32187		
dd11-054.compuserve.com	-	804571457	GET	/images/launchmedium.gif	200	11853		
news.ti.com	-	804571458	GET	/ksc.html	200	7074		
ix-ftw-tx1-24.ix.netcom.com	-	804571458	GET	/images/NASA-logosmall.gif	200	786		
unicomp6.unicomp.net	-	804571459	GET	/images/ksclogo-medium.gif	200	5866		
charger.execpc.com	-	804571460	GET	/images/ksclogosmall.gif	200	3635		
news.ti.com	-	804571461	GET	/images/ksclogo-medium.gif	200	5866		
ix-ftw-tx1-24.ix.netcom.com	-	804571462	GET	/images/KSC-logosmall.gif	200	1204		
teleman.pr.mcs.net	-	804571463	GET	/shuttle/missions/sts-67/mission-sts-67.html	200	21408		
129.94.144.152	-	804571465	GET	/shuttle/technology/sts-newsref/stsref-toc.html	200	84907		
link097.txdirect.net	-	804571466	GET	/shuttle/technology/sts-newsref/stsref-toc.html	200	84907		
unicomp6.unicomp.net	-	804571466	GET	/images/USA-logosmall.gif	200	234		
unicomp6.unicomp.net	-	804571466	GET	/images/WORLD-logosmall.gif	200	669		
onyx.southwind.net	-	804571467	GET	/shuttle/technology/sts-newsref/centers.html	200	71024		
ix-war-mi1-20.ix.netcom.com	-	804571467	GET	/shuttle/missions/sts-69/mission-sts-69.html	200	4325		
unicomp6.unicomp.net	-	804571467	GET	/images/MOSAIC-logosmall.gif	200	363		
129.188.154.200	-	804571467	GET	/shuttle/missions/sts-71/mission-sts-71.html	200	12040		
netport-27.iu.net	-	804571467	GET	/images/construct.gif	200	1414		
slip1.yab.com	-	804571468	GET	/history/history.html	200	1502		
ix-war-mi1-20.ix.netcom.com	-	804571468	GET	/shuttle/missions/sts-69/sts-69-patch-small.gif	200	8083		
teleman.pr.mcs.net	-	804571470	GET	/shuttle/missions/sts-67/sts-67-patch-small.gif	200	17083		
129.188.154.200	-	804571470	GET	/shuttle/missions/sts-71/sts-71-patch-small.gif	200	12054		
savvy1.savvy.com	-	804571470	GET	/shuttle/missions/missions.html	200	8677		
gater3.sematech.org	-	804571471	GET	/cgi-bin/imagemap/countdown?370,274	302	68		
teleman.pr.mcs.net	-	804571471	GET	/images/launch-logo.gif	304	0		
slip1.yab.com	-	804571472	GET	/history/rocket-history.txt	200	26990		
ppp-nyc-3-1.ios.com	-	804571473	GET	/shuttle/missions/sts-71/movies/sts-71-hatch-hand-group.mpg	200	49152		
netport-27.iu.net	-	804571474	GET	/images/KSC-logosmall.gif	200	1204		
savvy1.savvy.com	-	804571474	GET	/images/launchmedium.gif	200	11853		
199.33.32.50	-	804571476	GET	/shuttle/missions/sts-71/movies/sts-71-launch-3.mpg	200	130724		
129.188.154.200	-	804571477	GET	/images/launch-logo.gif	200	1713		
pme607.onramp.awinc.com	-	804571478	GET	/shuttle/missions/sts-71/mission-sts-71.html	200	12040		
bart-slip1.llnl.gov	-	804571480	GET	/shuttle/technology/sts-newsref/stsref-toc.html	200	84907		
ad03-031.compuserve.com	-	804571480	GET	/facilities/vab.html	200	4045		
ix-sd11-26.ix.netcom.com	-	804571484	GET	/shuttle/countdown/	200	3985		
savvy1.savvy.com	-	804571484	GET	/images/NASA-logosmall.gif	200	786		
savvy1.savvy.com	-	804571484	GET	/images/KSC-logosmall.gif	200	1204		
news.ti.com	-	804571486	GET	/images/NASA-logosmall.gif	200	786		
ix-sd11-26.ix.netcom.com	-	804571486	GET	/images/NASA-logosmall.gif	200	786		
news.ti.com	-	804571486	GET	/images/MOSAIC-logosmall.gif	200	363		
ix-sd11-26.ix.netcom.com	-	804571488	GET	/shuttle/countdown/count.gif	200	40310		
ix-war-mi1-20.ix.netcom.com	-	804571488	GET	/shuttle/missions/sts-78/mission-sts-78.html	200	4377		
ix-war-mi1-20.ix.netcom.com	-	804571490	GET	/shuttle/missions/sts-78/sts-78-patch-small.gif	200	4179		
ad03-031.compuserve.com	-	804571491	GET	/images/vab-small.gif	200	35709		
ix-sd11-26.ix.netcom.com	-	804571491	GET	/images/KSC-logosmall.gif	200	1204		
199.166.39.14	-	804571492	GET	/shuttle/countdown/	200	3985		
news.ti.com	-	804571492	GET	/images/WORLD-logosmall.gif	200	669		
pme607.onramp.awinc.com	-	804571494	GET	/cgi-bin/imagemap/countdown?99,178	302	110		
news.ti.com	-	804571495	GET	/images/USA-logosmall.gif	200	234		
remote27.compusmart.ab.ca	-	804571495	GET	/shuttle/missions/sts-71/images/KSC-95EC-0871.gif	200	45518		
charger.execpc.com	-	804571495	GET	/history/apollo/apollo-13/apollo-13.html	200	18114		
199.166.39.14	-	804571496	GET	/images/NASA-logosmall.gif	200	786		
onyx.southwind.net	-	804571498	GET	/images/shuttle-patch-logo.gif	200	891		
199.166.39.14	-	804571499	GET	/images/KSC-logosmall.gif	200	1204		
pme607.onramp.awinc.com	-	804571502	GET	/shuttle/missions/sts-71/images/images.html	200	7634		
ix-sd11-26.ix.netcom.com	-	804571506	GET	/cgi-bin/imagemap/countdown?107,144	302	96		
link097.txdirect.net	-	804571506	GET	/shuttle	302	0		
link097.txdirect.net	-	804571507	GET	/shuttle/	200	957		
dd11-054.compuserve.com	-	804571509	GET	/shuttle/missions/61-c/mission-61-c.html	200	8368		
charger.execpc.com	-	804571512	GET	/history/apollo/apollo-13/apollo-13-patch-small.gif	200	12859		
ix-war-mi1-20.ix.netcom.com	-	804571513	GET	/shuttle/missions/sts-78/news	302	0		
link097.txdirect.net	-	804571513	GET	/icons/blank.xbm	200	509		
ix-war-mi1-20.ix.netcom.com	-	804571514	GET	/shuttle/missions/sts-78/news/	200	374		
ix-war-mi1-20.ix.netcom.com	-	804571515	GET	/icons/blank.xbm	200	509		
ix-war-mi1-20.ix.netcom.com	-	804571517	GET	/icons/menu.xbm	200	527		
net-1-141.eden.com	-	804571517	GET	/shuttle/missions/sts-71/images/KSC-95EC-0917.jpg	200	52491		
teleman.pr.mcs.net	-	804571518	GET	/shuttle/missions/sts-78/mission-sts-78.html	200	4377		
199.166.39.14	-	804571518	GET	/shuttle/countdown/count.gif	200	40310		
waters-gw.starway.net.au	-	804571519	GET	/shuttle/missions/51-l/images/850128.GIF	200	172498		
teleman.pr.mcs.net	-	804571520	GET	/shuttle/missions/sts-78/sts-78-patch-small.gif	304	0		
199.166.39.14	-	804571521	GET	/cgi-bin/imagemap/countdown?302,275	302	98		
slip132.indirect.com	-	804571522	GET	/shuttle/missions/sts-71/images/images.html	200	7634		
ix-war-mi1-20.ix.netcom.com	-	804571523	GET	/shuttle/missions/sts-78/	200	1596		
link097.txdirect.net	-	804571523	GET	/icons/menu.xbm	200	527		
ix-war-mi1-20.ix.netcom.com	-	804571523	GET	/icons/text.xbm	200	527		
ix-war-mi1-20.ix.netcom.com	-	804571524	GET	/icons/image.xbm	200	509		
slip1.yab.com	-	804571524	GET	/history/early-astronauts.txt	200	3850		
www-a1.proxy.aol.com	-	804571525	GET	/	200	7074		
199.166.39.14	-	804571526	GET	/shuttle/countdown/liftoff.html	200	4538		
link097.txdirect.net	-	804571529	GET	/shuttle/movies/	200	602		
ix-sd11-26.ix.netcom.com	-	804571530	GET	/shuttle/missions/sts-71/mission-sts-71.html	200	12040		
link097.txdirect.net	-	804571530	GET	/icons/movie.xbm	200	530		
ix-sd11-26.ix.netcom.com	-	804571531	GET	/shuttle/missions/sts-71/sts-71-patch-small.gif	200	12054		
129.94.144.152	-	804571535	GET	/images/KSC-logosmall.gif	200	1204		
port2.electrotex.com	-	804571537	GET	/shuttle/countdown/video/livevideo.jpeg	200	43974		
129.94.144.152	-	804571537	GET	/images/launch-logo.gif	200	1713		
ix-sd11-26.ix.netcom.com	-	804571537	GET	/images/launch-logo.gif	200	1713		
link097.txdirect.net	-	804571538	GET	/shuttle/movies/astronauts.mpg	200	49152		
ppp-nyc-3-1.ios.com	-	804571539	GET	/shuttle/missions/sts-71/sts-71-patch.jpg	200	203429		
charger.execpc.com	-	804571539	GET	/history/apollo/images/footprint-logo.gif	200	4209		
205.212.115.106	-	804571542	GET	/shuttle/missions/sts-71/images/KSC-95EC-0917.gif	200	30995		
alyssa.prodigy.com	-	804571543	GET	/shuttle/missions/sts-71/sts-71-patch-small.gif	200	12054		
remote27.compusmart.ab.ca	-	804571543	GET	/shuttle/missions/sts-71/images/KSC-95EC-0876.gif	200	51398		
ix-war-mi1-20.ix.netcom.com	-	804571543	GET	/shuttle/missions/sts-72/mission-sts-72.html	200	3752		
ix-war-mi1-20.ix.netcom.com	-	804571545	GET	/shuttle/missions/sts-72/sts-72-patch-small.gif	200	4179		
teleman.pr.mcs.net	-	804571546	GET	/shuttle/missions/sts-70/mission-sts-70.html	200	13469		
teleman.pr.mcs.net	-	804571548	GET	/shuttle/missions/sts-70/sts-70-patch-small.gif	200	5026		
slip1.yab.com	-	804571553	GET	/history/skylab/skylab.html	200	1687		
199.166.39.14	-	804571553	GET	/shuttle/countdown/video/livevideo.gif	200	65536		
129.188.154.200	-	804571553	GET	/shuttle/missions/sts-71/movies/movies.html	200	3092		
p06.eznets.canton.oh.us	-	804571554	GET	/shuttle/countdown/	200	3985		
slip4068.sirius.com	-	804571555	GET	/ksc.html	200	7074		
pm4_23.digital.net	-	804571558	GET	/images/shuttle-patch-small.gif	200	4179		
p06.eznets.canton.oh.us	-	804571558	GET	/shuttle/countdown/count.gif	200	40310		
ix-war-mi1-20.ix.netcom.com	-	804571558	GET	/shuttle/missions/sts-72/news	302	0		
mars.ark.com	-	804571559	GET	/facts/faq04.html	200	27063		
p06.eznets.canton.oh.us	-	804571559	GET	/images/KSC-logosmall.gif	200	1204		
ix-war-mi1-20.ix.netcom.com	-	804571559	GET	/shuttle/missions/sts-72/news/	200	374		
news.ti.com	-	804571560	GET	/shuttle/missions/sts-71/mission-sts-71.html	200	12040		
janice.cc.wwu.edu	-	804571561	GET	/shuttle/countdown/countdown.html	200	3985		
dd11-054.compuserve.com	-	804571562	GET	/history/history.html	200	1502		
news.ti.com	-	804571563	GET	/shuttle/missions/sts-71/sts-71-patch-small.gif	200	12054		
gayle-gaston.tenet.edu	-	804571563	GET	/shuttle/missions/sts-71/images/KSC-95EC-0917.jpg	200	52491		
p06.eznets.canton.oh.us	-	804571565	GET	/images/NASA-logosmall.gif	200	786		
dd11-054.compuserve.com	-	804571565	GET	/history/apollo/images/apollo-small.gif	200	9630		
dnet018.sat.texas.net	-	804571566	GET	/history/apollo/apollo-13/apollo-13.html	200	18114		
teleman.pr.mcs.net	-	804571566	GET	/shuttle/missions/sts-71/mission-sts-71.html	200	12040		
teleman.pr.mcs.net	-	804571568	GET	/shuttle/missions/sts-71/sts-71-patch-small.gif	200	12054		
mars.ark.com	-	804571571	GET	/images/ksclogosmall.gif	200	3635		
mars.ark.com	-	804571571	GET	/images/faq.gif	200	263		
burger.letters.com	-	804571572	GET	/shuttle/countdown/liftoff.html	304	0		
burger.letters.com	-	804571572	GET	/shuttle/countdown/video/livevideo.gif	200	0		
burger.letters.com	-	804571573	GET	/images/NASA-logosmall.gif	304	0		
net-1-141.eden.com	-	804571575	GET	/shuttle/missions/sts-71/images/KSC-95EC-0918.jpg	200	46888		
ad12-051.compuserve.com	-	804571575	GET	/history/history.html	200	1502		
ix-wbg-va2-26.ix.netcom.com	-	804571577	GET	/history/apollo/apollo-11/apollo-11-info.html	200	1457		
www-a1.proxy.aol.com	-	804571579	GET	/whats-new.html	200	17314		
ad12-051.compuserve.com	-	804571579	GET	/history/apollo/images/apollo-small.gif	200	9630		
citynet.ci.la.ca.us	-	804571580	GET	/shuttle/missions/missions.html	200	8677		
gater4.sematech.org	-	804571586	GET	/cgi-bin/imagemap/countdown?88,208	302	95		
remote27.compusmart.ab.ca	-	804571586	GET	/shuttle/missions/sts-71/images/KSC-95EC-0917.gif	200	30995		
ix-war-mi1-20.ix.netcom.com	-	804571587	GET	/facilities/lc39a.html	200	7008		
gater3.sematech.org	-	804571588	GET	/shuttle/countdown/tour.html	200	4347		
ix-war-mi1-20.ix.netcom.com	-	804571588	GET	/images/lc39a-logo.gif	200	13116		
ottgate2.bnr.ca	-	804571588	GET	/shuttle/technology/images/srb_mod_compare_1-small.gif	200	36902		
ad12-051.compuserve.com	-	804571590	GET	/ksc.html	200	7074		
ottgate2.bnr.ca	-	804571590	GET	/shuttle/technology/images/srb_mod_compare_6-small.gif	200	28219		
ix-war-mi1-20.ix.netcom.com	-	804571592	GET	/images/kscmap-tiny.gif	200	2537		
ix-wbg-va2-26.ix.netcom.com	-	804571593	GET	/history/apollo/apollo-11/images/	200	3459		
ix-war-mi1-20.ix.netcom.com	-	804571594	GET	/images/ksclogosmall.gif	200	3635		
janice.cc.wwu.edu	-	804571595	GET	/shuttle/countdown/liftoff.html	200	4538		
news.ti.com	-	804571596	GET	/images/KSC-logosmall.gif	200	1204		
news.ti.com	-	804571596	GET	/images/launch-logo.gif	200	1713		
pme607.onramp.awinc.com	-	804571596	GET	/shuttle/missions/sts-71/images/KSC-95EC-0917.gif	200	30995		
ottgate2.bnr.ca	-	804571596	GET	/shuttle/technology/images/srb_mod_compare_3-small.gif	200	55666		
gater3.sematech.org	-	804571597	GET	/images/KSC-94EC-412-small.gif	200	20484		
teleman.pr.mcs.net	-	804571599	GET	/shuttle/countdown/	200	3985		
www-a1.proxy.aol.com	-	804571599	GET	/images/whatsnew.gif	200	651		
slip132.indirect.com	-	804571601	GET	/shuttle/missions/sts-71/images/KSC-95EC-0918.gif	200	31631		
teleman.pr.mcs.net	-	804571601	GET	/shuttle/countdown/count.gif	200	40310		
alyssa.prodigy.com	-	804571602	GET	/shuttle/missions/sts-71/sts-71-patch-small.gif	200	12054		
charger.execpc.com	-	804571603	GET	/history/mercury/mercury.html	200	1871		
svasu.extern.ucsd.edu	-	804571606	GET	/history/apollo/apollo-13/movies/apo13inside.mpg	200	501126		
ppp-mia-53.shadow.net	-	804571606	GET	/ksc.html	200	7074		
janice.cc.wwu.edu	-	804571608	GET	/shuttle/countdown/video/livevideo.jpeg	200	48725		
ppp-mia-53.shadow.net	-	804571608	GET	/images/ksclogo-medium.gif	200	5866		
charger.execpc.com	-	804571609	GET	/images/mercury-logo.gif	200	6588		
brandt.xensei.com	-	804571614	GET	/shuttle/missions/sts-71/sts-71-day-04-highlights.html	200	5544		
alyssa.prodigy.com	-	804571615	GET	/shuttle/missions/sts-71/sts-71-patch-small.gif	200	12054		
ppp-mia-53.shadow.net	-	804571619	GET	/images/MOSAIC-logosmall.gif	200	363		
ppp-mia-53.shadow.net	-	804571620	GET	/images/NASA-logosmall.gif	200	786		
ppp-mia-53.shadow.net	-	804571621	GET	/images/USA-logosmall.gif	200	234		
p06.eznets.canton.oh.us	-	804571622	GET	/cgi-bin/imagemap/countdown?98,110	302	111		
slip1.yab.com	-	804571623	GET	/history/skylab/skylab.jpg	200	162605		
p06.eznets.canton.oh.us	-	804571624	GET	/shuttle/missions/sts-71/mission-sts-71.html	200	12040		
ppp-mia-53.shadow.net	-	804571624	GET	/images/WORLD-logosmall.gif	200	669		
p06.eznets.canton.oh.us	-	804571628	GET	/shuttle/missions/sts-71/sts-71-patch-small.gif	200	12054		
gater3.sematech.org	-	804571633	GET	/ksc.html	200	7074		
pm4_23.digital.net	-	804571633	GET	/shuttle/technology/sts-newsref/sts_egress.html	200	86381		
dd11-054.compuserve.com	-	804571634	GET	/shuttle/missions/sts-67/mission-sts-67.html	200	21408		
remote27.compusmart.ab.ca	-	804571635	GET	/shuttle/missions/sts-71/images/KSC-95EC-0918.gif	200	31631		
gater3.sematech.org	-	804571636	GET	/images/ksclogo-medium.gif	200	5866		
waters-gw.starway.net.au	-	804571639	GET	/shuttle/missions/51-l/images/86HC119.GIF	200	127775		
205.212.115.106	-	804571640	GET	/shuttle/missions/sts-71/images/KSC-95EC-0917.jpg	200	52491		
ppp236.iadfw.net	-	804571640	GET	/software/winvn/winvn.html	200	9867		
ad12-051.compuserve.com	-	804571640	GET	/images/ksclogo-medium.gif	200	5866		
charger.execpc.com	-	804571641	GET	/history/mercury/mr-3/mr-3.html	200	1124		
ppp236.iadfw.net	-	804571641	GET	/software/winvn/winvn.gif	200	25218		
p06.eznets.canton.oh.us	-	804571641	GET	/images/launch-logo.gif	200	1713		
charger.execpc.com	-	804571642	GET	/history/mercury/mr-3/mr-3-patch-small.gif	200	19084		
asp.erinet.com	-	804571643	GET	/software/winvn/winvn.html	200	9867		
ppp236.iadfw.net	-	804571646	GET	/software/winvn/wvsmall.gif	200	13372		
ppp236.iadfw.net	-	804571646	GET	/images/construct.gif	200	1414		
asp.erinet.com	-	804571646	GET	/images/construct.gif	200	1414		
asp.erinet.com	-	804571647	GET	/software/winvn/bluemarb.gif	200	4441		
ppp236.iadfw.net	-	804571647	GET	/software/winvn/bluemarb.gif	200	4441		
charger.execpc.com	-	804571649	GET	/history/apollo/images/APOLLO-logosmall.gif	200	1173		
asp.erinet.com	-	804571649	GET	/software/winvn/wvsmall.gif	200	13372		
ppp236.iadfw.net	-	804571649	GET	/images/KSC-logosmall.gif	200	1204		
asp.erinet.com	-	804571650	GET	/images/KSC-logosmall.gif	200	1204		
asp.erinet.com	-	804571650	GET	/images/MOSAIC-logosmall.gif	200	363		
asp.erinet.com	-	804571651	GET	/software/winvn/winvn.gif	200	25218		
ix-sd11-26.ix.netcom.com	-	804571651	GET	/shuttle/countdown/	200	3985		
www-proxy.crl.research.digital.com	-	804571653	GET	/htbin/cdt_main.pl	200	3214		
ix-sd11-26.ix.netcom.com	-	804571654	GET	/shuttle/countdown/count.gif	200	40310		
ix-sd11-26.ix.netcom.com	-	804571654	GET	/images/NASA-logosmall.gif	200	786		
ix-sd11-26.ix.netcom.com	-	804571654	GET	/images/KSC-logosmall.gif	200	1204		
asp.erinet.com	-	804571654	GET	/images/USA-logosmall.gif	200	234		
news.ti.com	-	804571654	GET	/shuttle/missions/sts-71/sts-71-day-04-highlights.html	200	5544		
teleman.pr.mcs.net	-	804571655	GET	/cgi-bin/imagemap/countdown?102,172	302	110		
www-proxy.crl.research.digital.com	-	804571655	GET	/images/NASA-logosmall.gif	200	786		
teleman.pr.mcs.net	-	804571656	GET	/shuttle/missions/sts-71/images/images.html	200	7634		
ppp236.iadfw.net	-	804571656	GET	/images/MOSAIC-logosmall.gif	200	363		
ppp4.sunrem.com	-	804571657	GET	/shuttle/countdown/	200	3985		
199.166.39.14	-	804571657	GET	/shuttle/missions/sts-71/movies/sts-71-tcdt-crew-walkout.mpg	200	131072		
ppp236.iadfw.net	-	804571657	GET	/images/USA-logosmall.gif	200	234		
slip132.indirect.com	-	804571657	GET	/shuttle/missions/sts-71/images/KSC-95EC-0918.jpg	200	46888		
ppp236.iadfw.net	-	804571657	GET	/images/WORLD-logosmall.gif	200	669		
ppp4.sunrem.com	-	804571659	GET	/shuttle/countdown/count.gif	200	40310		
pm13.j51.com	-	804571660	GET	/shuttle/missions/sts-71/movies/crew-arrival-t38.mpg	200	65536		
ppp4.sunrem.com	-	804571661	GET	/images/NASA-logosmall.gif	200	786		
ix-sd11-26.ix.netcom.com	-	804571662	GET	/shuttle/missions/sts-71/mission-sts-71.html	200	12040		
ppp4.sunrem.com	-	804571663	GET	/images/KSC-logosmall.gif	200	1204		
pm4_23.digital.net	-	804571663	GET	/images/KSC-logosmall.gif	200	1204		
pm4_23.digital.net	-	804571663	GET	/images/shuttle-patch-logo.gif	200	891		
ix-sd11-26.ix.netcom.com	-	804571663	GET	/shuttle/missions/sts-71/sts-71-patch-small.gif	200	12054		
charger.execpc.com	-	804571664	GET	/history/mercury/ma-6/ma-6.html	200	1117		
citynet.ci.la.ca.us	-	804571665	GET	/shuttle/missions/sts-71/mission-sts-71.html	200	12040		
charger.execpc.com	-	804571666	GET	/history/mercury/ma-6/ma-6-patch-small.gif	200	21277		
dnet018.sat.texas.net	-	804571667	GET	/ksc.html	200	7074		
dnet018.sat.texas.net	-	804571670	GET	/images/ksclogo-medium.gif	200	5866		
ppp-mia-53.shadow.net	-	804571670	GET	/shuttle/missions/sts-71/mission-sts-71.html	200	12040		
asp.erinet.com	-	804571672	GET	/images/WORLD-logosmall.gif	200	669		
ix-sd11-26.ix.netcom.com	-	804571672	GET	/shuttle/countdown/count.gif	200	40310		
ppp-mia-53.shadow.net	-	804571673	GET	/shuttle/missions/sts-71/sts-71-patch-small.gif	200	12054		
dnet018.sat.texas.net	-	804571676	GET	/images/NASA-logosmall.gif	200	786		
slip1.yab.com	-	804571677	GET	/history/skylab/skylab-2.html	200	1708		
dnet018.sat.texas.net	-	804571679	GET	/images/MOSAIC-logosmall.gif	200	363		
dnet018.sat.texas.net	-	804571680	GET	/images/USA-logosmall.gif	200	234		
166.79.67.111	-	804571682	GET	/shuttle/countdown/	200	3985		
ppp-mia-53.shadow.net	-	804571683	GET	/images/launch-logo.gif	200	1713		
ppp-mia-53.shadow.net	-	804571683	GET	/images/KSC-logosmall.gif	200	1204		
dnet018.sat.texas.net	-	804571685	GET	/images/WORLD-logosmall.gif	200	669		
www-proxy.crl.research.digital.com	-	804571685	GET	/shuttle/countdown/liftoff.html	200	4538		
brandt.xensei.com	-	804571686	GET	/shuttle/countdown/liftoff.html	304	0		
ix-wbg-va2-26.ix.netcom.com	-	804571687	GET	/history/apollo/apollo-11/images/index.gif	200	172537		
www-proxy.crl.research.digital.com	-	804571689	GET	/shuttle/countdown/video/livevideo.gif	200	75100		
slip1.kias.com	-	804571690	GET	/shuttle/missions/missions.html	200	8677		
ix-li3-23.ix.netcom.com	-	804571691	GET	/shuttle/missions/sts-71/movies/crew-arrival-t38.mpg	200	305722		
ppp-mia-53.shadow.net	-	804571692	GET	/shuttle/countdown/	200	3985		
brandt.xensei.com	-	804571693	GET	/images/NASA-logosmall.gif	304	0		
net-1-141.eden.com	-	804571693	GET	/shuttle/missions/sts-71/images/KSC-95EC-0613.jpg	200	61716		
166.79.67.111	-	804571701	GET	/images/KSC-logosmall.gif	200	1204		
remote27.compusmart.ab.ca	-	804571702	GET	/cgi-bin/imagemap/countdown?382,274	302	68		
ttyu0.tyrell.net	-	804571702	GET	/	200	7074		
ttyu0.tyrell.net	-	804571705	GET	/images/ksclogo-medium.gif	200	5866		
166.79.67.111	-	804571706	GET	/images/NASA-logosmall.gif	200	786		
slip1.kias.com	-	804571706	GET	/images/KSC-logosmall.gif	200	1204		
slip1.kias.com	-	804571707	GET	/images/NASA-logosmall.gif	200	786		
ttyu0.tyrell.net	-	804571707	GET	/images/NASA-logosmall.gif	200	786		
ttyu0.tyrell.net	-	804571707	GET	/images/MOSAIC-logosmall.gif	200	363		
199.120.91.6	-	804571708	GET	/shuttle/countdown/	200	3985		
129.94.144.152	-	804571709	GET	/shuttle/technology/sts-newsref/sts-cron.html	200	200053		
ppp-mia-53.shadow.net	-	804571710	GET	/shuttle/countdown/count.gif	200	40310		
ttyu0.tyrell.net	-	804571711	GET	/images/WORLD-logosmall.gif	200	669		
ttyu0.tyrell.net	-	804571711	GET	/images/USA-logosmall.gif	200	234		
slip132.indirect.com	-	804571711	GET	/shuttle/missions/sts-71/images/KSC-95EC-0918.txt	200	1391		
ix-sd11-26.ix.netcom.com	-	804571712	GET	/cgi-bin/imagemap/countdown?94,175	302	110		
199.120.91.6	-	804571712	GET	/shuttle/countdown/count.gif	200	40310		
199.120.91.6	-	804571712	GET	/images/NASA-logosmall.gif	200	786		
ix-sd11-26.ix.netcom.com	-	804571713	GET	/shuttle/missions/sts-71/images/images.html	200	7634		
slip1.yab.com	-	804571718	GET	/history/skylab/skylab-3.html	200	1424		
dnet018.sat.texas.net	-	804571721	GET	/whats-new.html	200	17314		
199.120.91.6	-	804571723	GET	/images/KSC-logosmall.gif	200	1204		
dnet018.sat.texas.net	-	804571723	GET	/images/whatsnew.gif	200	651		
ppp4.sunrem.com	-	804571725	GET	/cgi-bin/imagemap/countdown?105,143	302	96		
ix-dfw13-20.ix.netcom.com	-	804571729	GET	/shuttle/countdown/	200	3985		
slip1.kias.com	-	804571729	GET	/images/launchmedium.gif	200	11853		
brandt.xensei.com	-	804571730	GET	/shuttle/countdown/video/livevideo.gif	200	75344		
ix-dfw13-20.ix.netcom.com	-	804571732	GET	/shuttle/countdown/count.gif	200	40310		
ix-dfw13-20.ix.netcom.com	-	804571732	GET	/images/NASA-logosmall.gif	200	786		
ix-dfw13-20.ix.netcom.com	-	804571732	GET	/images/KSC-logosmall.gif	200	1204		
dnet018.sat.texas.net	-	804571734	GET	/images/KSC-logosmall.gif	200	1204		
www-a1.proxy.aol.com	-	804571736	GET	/cgi-bin/imagemap/countdown?99,213	302	95		
www-a1.proxy.aol.com	-	804571739	GET	/shuttle/countdown/tour.html	200	4347		
pipe6.nyc.pipeline.com	-	804571740	GET	/ksc.html	200	7074		
ix-sd11-26.ix.netcom.com	-	804571740	GET	/shuttle/missions/sts-71/images/KSC-95EC-0869.jpg	200	56275		
pipe6.nyc.pipeline.com	-	804571740	GET	/images/ksclogo-medium.gif	200	5866		
pipe6.nyc.pipeline.com	-	804571741	GET	/images/MOSAIC-logosmall.gif	200	363		
slip1.yab.com	-	804571742	GET	/history/skylab/skylab-4.html	200	1393		
pipe6.nyc.pipeline.com	-	804571742	GET	/images/USA-logosmall.gif	200	234		
pipe6.nyc.pipeline.com	-	804571743	GET	/images/WORLD-logosmall.gif	200	669		
129.94.144.152	-	804571745	GET	/images/shuttle-patch-logo.gif	200	891		
129.94.144.152	-	804571746	GET	/images/KSC-logosmall.gif	200	1204		
teleman.pr.mcs.net	-	804571747	GET	/shuttle/missions/sts-71/images/KSC-95EC-0423.jpg	200	84494		
piweba3y.prodigy.com	-	804571747	GET	/shuttle/technology/images/srb_mod_compare_6-small.gif	200	28219		
waters-gw.starway.net.au	-	804571756	GET	/shuttle/missions/51-l/images/86HC125.GIF	200	100705		
www-a1.proxy.aol.com	-	804571756	GET	/images/KSC-94EC-412-small.gif	200	20484		
166.79.67.111	-	804571757	GET	/shuttle/countdown/count.gif	200	40310		
wwwproxy.info.au	-	804571758	GET	/software/winvn/winvn.html	200	9867		
ppp-mia-53.shadow.net	-	804571758	GET	/cgi-bin/imagemap/countdown?99,150	302	96		
news.ti.com	-	804571759	GET	/shuttle/missions/sts-71/sts-71-day-03-highlights.html	200	6104		
wwwproxy.info.au	-	804571761	GET	/software/winvn/winvn.gif	200	25218		
wwwproxy.info.au	-	804571761	GET	/software/winvn/bluemarb.gif	200	4441		
citynet.ci.la.ca.us	-	804571763	GET	/shuttle/countdown/	200	3985		
199.120.91.6	-	804571765	GET	/cgi-bin/imagemap/countdown?373,278	302	68		
wwwproxy.info.au	-	804571765	GET	/software/winvn/wvsmall.gif	200	13372		
wwwproxy.info.au	-	804571768	GET	/images/KSC-logosmall.gif	304	0		
pm110.spectra.net	-	804571770	GET	/shuttle/missions/sts-71/mission-sts-71.html	200	12040		
wwwproxy.info.au	-	804571770	GET	/images/construct.gif	200	1414		
pm110.spectra.net	-	804571773	GET	/shuttle/missions/sts-71/sts-71-patch-small.gif	200	12054		
brandt.xensei.com	-	804571774	GET	/shuttle/countdown/liftoff.html	304	0		
wwwproxy.info.au	-	804571775	GET	/images/MOSAIC-logosmall.gif	304	0		
ix-sd11-26.ix.netcom.com	-	804571776	GET	/shuttle/missions/sts-71/images/KSC-95EC-0918.jpg	200	46888		
129.94.144.152	-	804571777	GET	/shuttle/missions/51-l/mission-51-l.html	200	6723		
pm110.spectra.net	-	804571777	GET	/images/KSC-logosmall.gif	200	1204		
wwwproxy.info.au	-	804571779	GET	/images/WORLD-logosmall.gif	304	0		
wwwproxy.info.au	-	804571779	GET	/images/USA-logosmall.gif	304	0		
pm110.spectra.net	-	804571780	GET	/images/launch-logo.gif	200	1713		
dnet018.sat.texas.net	-	804571784	GET	/shuttle/missions/sts-63/sts-63-patch-small.gif	200	16102		
brandt.xensei.com	-	804571786	GET	/images/NASA-logosmall.gif	304	0		
net-1-141.eden.com	-	804571787	GET	/cgi-bin/imagemap/countdown?376,273	302	68		
teleman.pr.mcs.net	-	804571788	GET	/shuttle/missions/sts-71/images/KSC-95EC-0613.jpg	200	61716		
129.94.144.152	-	804571790	GET	/images/launch-logo.gif	200	1713		
129.94.144.152	-	804571792	GET	/shuttle/missions/51-l/51-l-patch-small.gif	200	10495		
p06.eznets.canton.oh.us	-	804571793	GET	/cgi-bin/imagemap/countdown?94,145	302	96		
pm110.spectra.net	-	804571794	GET	/shuttle/countdown/	200	3985		
slip1.kias.com	-	804571795	GET	/htbin/wais.pl	200	308		
pm110.spectra.net	-	804571796	GET	/images/NASA-logosmall.gif	200	786		
dnet018.sat.texas.net	-	804571797	GET	/shuttle/missions/sts-63/mission-sts-63.html	200	53003		
pm110.spectra.net	-	804571797	GET	/shuttle/countdown/count.gif	200	40310		
ix-dfw13-20.ix.netcom.com	-	804571801	GET	/shuttle/missions/sts-71/movies/movies.html	200	3092		
205.212.115.106	-	804571801	GET	/shuttle/missions/sts-71/images/KSC-95EC-0876.gif	200	51398		
ix-dfw13-20.ix.netcom.com	-	804571802	GET	/shuttle/missions/sts-71/sts-71-patch-small.gif	200	12054		
129.188.154.200	-	804571804	GET	/shuttle/missions/sts-71/movies/	200	3090		
129.188.154.200	-	804571807	GET	/icons/blank.xbm	200	509		
129.188.154.200	-	804571807	GET	/icons/menu.xbm	200	527		
129.188.154.200	-	804571807	GET	/icons/movie.xbm	200	530		
129.188.154.200	-	804571807	GET	/icons/text.xbm	200	527		
citynet.ci.la.ca.us	-	804571808	GET	/shuttle/missions/sts-71/images/images.html	200	7634		
brandt.xensei.com	-	804571808	GET	/shuttle/countdown/video/livevideo.gif	200	74691		
slip1.kias.com	-	804571812	GET	/shuttle/missions/sts-71/mission-sts-71.html	200	12040		
slip1.kias.com	-	804571815	GET	/shuttle/missions/sts-71/sts-71-patch-small.gif	200	12054		
www-a1.proxy.aol.com	-	804571816	GET	/shuttle/countdown/lps/fr.html	200	1879		
netport-27.iu.net	-	804571819	GET	/pub/winvn/readme.txt	404	0		
corp-uu.infoseek.com	-	804571822	GET	/ksc.html	200	7074		
129.188.154.200	-	804571823	GET	/shuttle/missions/sts-71/	200	3373		
ix-dfw13-20.ix.netcom.com	-	804571823	GET	/shuttle/countdown/liftoff.html	200	4538		
ix-sd11-26.ix.netcom.com	-	804571824	GET	/shuttle/missions/sts-71/images/KSC-95EC-0916.jpg	200	34029		
netport-27.iu.net	-	804571828	GET	/pub/winvn/readme.txt	404	0		
slip1.kias.com	-	804571828	GET	/images/launch-logo.gif	200	1713		
205.157.131.144	-	804571828	GET	/shuttle/countdown/	200	3985		
129.188.154.200	-	804571829	GET	/shuttle/missions/sts-71/images/	200	16890		
www-a1.proxy.aol.com	-	804571829	GET	/shuttle/countdown/lps/back.gif	200	1289		
129.188.154.200	-	804571829	GET	/icons/image.xbm	200	509		
waters-gw.starway.net.au	-	804571831	GET	/shuttle/missions/51-l/images/86HC159.GIF	200	78295		
www-d3.proxy.aol.com	-	804571832	GET	/shuttle/missions/sts-71/images/images.html	200	7634		
ppp4.sunrem.com	-	804571833	GET	/cgi-bin/imagemap/countdown?93,176	302	110		
ppp4.sunrem.com	-	804571834	GET	/shuttle/missions/sts-71/images/images.html	200	7634		
205.157.131.144	-	804571834	GET	/images/KSC-logosmall.gif	200	1204		
205.157.131.144	-	804571834	GET	/images/NASA-logosmall.gif	200	786		
205.157.131.144	-	804571836	GET	/shuttle/countdown/count.gif	200	40310		
dnet018.sat.texas.net	-	804571837	GET	/images/launch-logo.gif	200	1713		
ppp-mia-53.shadow.net	-	804571838	GET	/cgi-bin/imagemap/countdown?103,180	302	110		
129.94.144.152	-	804571839	GET	/shuttle/missions/51-l/51-l-info.html	200	1387		
ppp-mia-53.shadow.net	-	804571840	GET	/shuttle/missions/sts-71/images/images.html	200	7634		
brandt.xensei.com	-	804571841	GET	/shuttle/countdown/liftoff.html	304	0		
p06.eznets.canton.oh.us	-	804571843	GET	/cgi-bin/imagemap/countdown?382,271	302	68		
brandt.xensei.com	-	804571843	GET	/images/NASA-logosmall.gif	304	0		
ix-tam1-26.ix.netcom.com	-	804571843	GET	/	200	7074		
taiki4.envi.osakafu-u.ac.jp	-	804571845	GET	/ksc.html	200	7074		
taiki4.envi.osakafu-u.ac.jp	-	804571848	GET	/images/ksclogo-medium.gif	200	5866		
ix-tam1-26.ix.netcom.com	-	804571849	GET	/images/ksclogo-medium.gif	200	5866		
dynip38.efn.org	-	804571850	GET	/software	302	0		
dynip38.efn.org	-	804571851	GET	/software/	200	689		
129.188.154.200	-	804571852	GET	/icons/image.xbm	200	509		
teleman.pr.mcs.net	-	804571853	GET	/shuttle/missions/sts-71/images/KSC-95EC-0871.jpg	200	60280		
dynip38.efn.org	-	804571853	GET	/icons/blank.xbm	304	0		
dynip38.efn.org	-	804571853	GET	/icons/menu.xbm	304	0		
ix-tam1-26.ix.netcom.com	-	804571855	GET	/images/NASA-logosmall.gif	200	786		
ix-dfw13-20.ix.netcom.com	-	804571857	GET	/shuttle/countdown/video/livevideo.gif	200	75142		
ix-tam1-26.ix.netcom.com	-	804571859	GET	/images/MOSAIC-logosmall.gif	200	363		
ix-tam1-26.ix.netcom.com	-	804571860	GET	/images/USA-logosmall.gif	200	234		
ix-tam1-26.ix.netcom.com	-	804571862	GET	/images/WORLD-logosmall.gif	200	669		
dynip38.efn.org	-	804571862	GET	/software/winvn/	200	2244		
taiki4.envi.osakafu-u.ac.jp	-	804571863	GET	/images/NASA-logosmall.gif	200	786		
dynip38.efn.org	-	804571864	GET	/icons/text.xbm	304	0		
133.127.203.203	-	804571868	GET	/shuttle/missions/sts-71/movies/crew-arrival-t38.mpg	200	305722		
dynip38.efn.org	-	804571869	GET	/icons/image.xbm	304	0		
ix-sd11-26.ix.netcom.com	-	804571872	GET	/shuttle/missions/sts-71/images/KSC-95EC-0911.jpg	200	45966		
brandt.xensei.com	-	804571872	GET	/shuttle/countdown/video/livevideo.gif	200	75142		
dnet018.sat.texas.net	-	804571873	GET	/history/apollo/apollo-13/apollo-13-info.html	200	1583		
ppp-mia-53.shadow.net	-	804571873	GET	/shuttle/missions/sts-71/images/index71.gif	200	49152		
129.188.154.200	-	804571874	GET	/shuttle/missions	302	0		
ottgate2.bnr.ca	-	804571874	GET	/htbin/cdt_main.pl	200	3214		
129.188.154.200	-	804571875	GET	/shuttle/missions/	200	12283		
www-d3.proxy.aol.com	-	804571876	GET	/shuttle/missions/sts-71/images/KSC-95EC-0917.gif	200	30995		
dd11-054.compuserve.com	-	804571877	GET	/shuttle/missions/sts-67/sts-67-patch-small.gif	200	17083		
slip1.kias.com	-	804571879	GET	/shuttle/countdown/	200	3985		
news.ti.com	-	804571879	GET	/shuttle/missions/100th.html	200	32303		
ppp3_136.bekkoame.or.jp	-	804571881	GET	/	200	7074		
204.19.123.36	-	804571883	GET	/shuttle/missions/sts-71/images/images.html	200	7634		
ad11-010.compuserve.com	-	804571884	GET	/shuttle/missions/sts-71/images/images.html	200	7634		
www-a1.proxy.aol.com	-	804571884	GET	/facilities/tour.html	200	3723		
slip1.kias.com	-	804571884	GET	/shuttle/countdown/count.gif	200	40310		
teleman.pr.mcs.net	-	804571886	GET	/cgi-bin/imagemap/countdown?107,147	302	96		
205.212.115.106	-	804571887	GET	/shuttle/missions/sts-71/images/KSC-95EC-0911.gif	200	31242		
156.151.176.30	-	804571887	GET	/shuttle/missions/sts-71/movies/movies.html	200	3092		
pm28.sonic.net	-	804571887	GET	/shuttle/countdown/	200	3985		
205.157.131.144	-	804571887	GET	/cgi-bin/imagemap/countdown?92,174	302	110		
205.157.131.144	-	804571888	GET	/shuttle/missions/sts-71/images/images.html	200	7634		
ppp3_136.bekkoame.or.jp	-	804571889	GET	/images/ksclogo-medium.gif	200	5866		
dnet018.sat.texas.net	-	804571889	GET	/history/apollo/apollo-13/movies/	200	945		
dnet018.sat.texas.net	-	804571890	GET	/icons/blank.xbm	200	509		
pm28.sonic.net	-	804571891	GET	/shuttle/countdown/count.gif	200	40310		
pipe6.nyc.pipeline.com	-	804571892	GET	/shuttle/missions/sts-71/movies/movies.html	200	3092		
piweba1y.prodigy.com	-	804571893	GET	/	200	7074		
pm28.sonic.net	-	804571894	GET	/images/NASA-logosmall.gif	200	786		
dnet018.sat.texas.net	-	804571895	GET	/icons/menu.xbm	200	527		
citynet.ci.la.ca.us	-	804571895	GET	/shuttle/missions/sts-71/images/KSC-95EC-0443.gif	200	64910		
dnet018.sat.texas.net	-	804571895	GET	/icons/movie.xbm	200	530		
129.188.154.200	-	804571895	GET	/shuttle	302	0		
ix-wbg-va2-26.ix.netcom.com	-	804571896	GET	/history/apollo/apollo-11/images/690700.GIF	200	125771		
dynip38.efn.org	-	804571896	GET	/software/winvn/release.txt	200	23052		
pm28.sonic.net	-	804571896	GET	/images/KSC-logosmall.gif	200	1204		
ix-tam1-26.ix.netcom.com	-	804571896	GET	/shuttle/missions/sts-71/mission-sts-71.html	200	12040		
ppp4.sunrem.com	-	804571897	GET	/shuttle/missions/sts-71/images/KSC-95EC-0443.gif	200	64910		
129.188.154.200	-	804571897	GET	/shuttle/	200	957		
204.120.76.119	-	804571898	GET	/shuttle/missions/sts-71/images/images.html	200	7634		
129.188.154.200	-	804571898	GET	/shuttle/missions/sts-71/movies/sts-71-launch.mpg	200	106496		
ppp3_136.bekkoame.or.jp	-	804571900	GET	/images/NASA-logosmall.gif	200	786		
www-d3.proxy.aol.com	-	804571901	GET	/shuttle/missions/sts-71/images/KSC-95EC-0915.gif	200	29634		
ottgate2.bnr.ca	-	804571902	GET	/shuttle/countdown/count.html	200	73231		
ix-dfw13-20.ix.netcom.com	-	804571904	GET	/cgi-bin/imagemap/countdown?95,142	302	96		
leet.cts.com	-	804571905	GET	/shuttle/missions/sts-71/mission-sts-71.html	200	12040		
ix-sd11-26.ix.netcom.com	-	804571906	GET	/shuttle/missions/sts-71/images/KSC-95EC-0906.jpg	200	58414		
pm110.spectra.net	-	804571906	GET	/cgi-bin/imagemap/countdown?100,114	302	111		
ppp3_136.bekkoame.or.jp	-	804571907	GET	/images/MOSAIC-logosmall.gif	200	363		
129.188.154.200	-	804571908	GET	/shuttle/movies/	200	602		
200.13.2.37	-	804571908	GET	/shuttle/missions/missions.html	200	8677		
dynip38.efn.org	-	804571909	GET	/software/winvn/winvn.html	200	9867		
ix-tam1-26.ix.netcom.com	-	804571909	GET	/shuttle/missions/sts-71/sts-71-patch-small.gif	200	12054		
ppp3_136.bekkoame.or.jp	-	804571909	GET	/images/USA-logosmall.gif	200	234		
dynip38.efn.org	-	804571911	GET	/software/winvn/winvn.gif	200	25218		
dynip38.efn.org	-	804571911	GET	/images/construct.gif	304	0		
dynip38.efn.org	-	804571914	GET	/software/winvn/wvsmall.gif	200	13372		
200.13.2.37	-	804571915	GET	/images/launchmedium.gif	200	11853		
teleman.pr.mcs.net	-	804571915	GET	/cgi-bin/imagemap/countdown?106,212	302	95		
ppp3_136.bekkoame.or.jp	-	804571915	GET	/images/WORLD-logosmall.gif	200	669		
teleman.pr.mcs.net	-	804571916	GET	/shuttle/countdown/tour.html	200	4347		
ppp046.st.rim.or.jp	-	804571917	GET	/ksc.html	200	7074		
ppp111.cs.mci.com	-	804571918	GET	/shuttle/missions/sts-74/mission-sts-74.html	200	3707		
teleman.pr.mcs.net	-	804571918	GET	/images/KSC-94EC-412-small.gif	200	20484		
ppp111.cs.mci.com	-	804571922	GET	/shuttle/missions/sts-74/sts-74-patch-small.gif	200	4179		
dynip38.efn.org	-	804571922	GET	/images/KSC-logosmall.gif	200	1204		
204.19.123.36	-	804571923	GET	/shuttle/missions/sts-71/images/KSC-95EC-0917.gif	200	30995		
ppp046.st.rim.or.jp	-	804571926	GET	/images/ksclogo-medium.gif	200	5866		
dynip38.efn.org	-	804571927	GET	/software/winvn/bluemarb.gif	200	4441		
leet.cts.com	-	804571928	GET	/shuttle/countdown/	200	3985		
ix-tam1-26.ix.netcom.com	-	804571929	GET	/images/KSC-logosmall.gif	200	1204		
205.157.131.144	-	804571930	GET	/shuttle/missions/sts-71/images/KSC-95EC-0915.gif	200	29634		
slip1.kias.com	-	804571931	GET	/shuttle/missions/sts-71/images/images.html	200	7634		
www-b2.proxy.aol.com	-	804571931	GET	/	200	7074		
ix-tam1-26.ix.netcom.com	-	804571932	GET	/images/launch-logo.gif	200	1713		
piweba1y.prodigy.com	-	804571933	GET	/images/ksclogo-medium.gif	200	5866		
www-d3.proxy.aol.com	-	804571934	GET	/shuttle/missions/sts-71/images/KSC-95EC-0916.gif	200	25814		
dynip38.efn.org	-	804571936	GET	/images/MOSAIC-logosmall.gif	200	363		
dnet018.sat.texas.net	-	804571937	GET	/history/apollo/apollo-13/movies/apo13damage.mpg	200	73728		
ppp046.st.rim.or.jp	-	804571938	GET	/images/NASA-logosmall.gif	200	786		
dynip38.efn.org	-	804571939	GET	/images/USA-logosmall.gif	200	234		
dynip38.efn.org	-	804571940	GET	/images/WORLD-logosmall.gif	200	669		
teleman.pr.mcs.net	-	804571940	GET	/cgi-bin/imagemap/countdown?321,276	302	98		
www-a1.proxy.aol.com	-	804571940	GET	/facilities/mlp.html	200	2653		
www-b2.proxy.aol.com	-	804571940	GET	/images/MOSAIC-logosmall.gif	200	363		
www-b2.proxy.aol.com	-	804571940	GET	/images/USA-logosmall.gif	200	234		
200.13.2.37	-	804571943	GET	/images/KSC-logosmall.gif	200	1204		
200.13.2.37	-	804571943	GET	/images/NASA-logosmall.gif	200	786		
ppp-mia-53.shadow.net	-	804571944	GET	/shuttle/missions/sts-71/images/KSC-95EC-0423.jpg	200	84494		
ppp046.st.rim.or.jp	-	804571944	GET	/images/MOSAIC-logosmall.gif	200	363		
teleman.pr.mcs.net	-	804571946	GET	/shuttle/countdown/liftoff.html	200	4538		
ppp046.st.rim.or.jp	-	804571946	GET	/images/USA-logosmall.gif	200	234		
dnet018.sat.texas.net	-	804571948	GET	/history/apollo/apollo-13/movies/apo13damage.mpg	200	57344		
blv-pm0-ip28.halcyon.com	-	804571948	GET	/ksc.html	304	0		
www-b2.proxy.aol.com	-	804571950	GET	/images/WORLD-logosmall.gif	200	669		
ppp046.st.rim.or.jp	-	804571950	GET	/images/WORLD-logosmall.gif	200	669		
dnet018.sat.texas.net	-	804571951	GET	/history/apollo/apollo-13/	200	1732		
piweba1y.prodigy.com	-	804571951	GET	/images/MOSAIC-logosmall.gif	200	363		
dnet018.sat.texas.net	-	804571953	GET	/icons/text.xbm	200	527		
dnet018.sat.texas.net	-	804571953	GET	/icons/image.xbm	200	509		
www-d3.proxy.aol.com	-	804571954	GET	/shuttle/missions/sts-71/images/KSC-95EC-0918.gif	200	31631		
blv-pm0-ip28.halcyon.com	-	804571956	GET	/history/history.html	304	0		
205.157.131.144	-	804571957	GET	/shuttle/missions/sts-71/images/KSC-95EC-0915.jpg	200	39654		
ppp4.sunrem.com	-	804571958	GET	/shuttle/missions/sts-71/images/KSC-95EC-0917.jpg	200	52491		
www-a1.proxy.aol.com	-	804571960	GET	/images/mlp-logo.gif	200	28426		
pm28.sonic.net	-	804571960	GET	/cgi-bin/imagemap/countdown?103,142	302	96		
blv-pm0-ip28.halcyon.com	-	804571960	GET	/history/apollo/apollo.html	304	0		
piweba1y.prodigy.com	-	804571962	GET	/images/WORLD-logosmall.gif	200	669		
burger.letters.com	-	804571962	GET	/shuttle/countdown/liftoff.html	304	0		
burger.letters.com	-	804571964	GET	/images/NASA-logosmall.gif	304	0		
ppp4.sunrem.com	-	804571965	GET	/shuttle/missions/sts-71/images/KSC-95EC-0917.gif	200	30995		
dd11-054.compuserve.com	-	804571969	GET	/images/KSC-logosmall.gif	200	1204		
129.188.154.200	-	804571971	GET	/shuttle	302	0		
166.79.67.111	-	804571973	GET	/shuttle/countdown/	304	0		
dd11-054.compuserve.com	-	804571973	GET	/images/launch-logo.gif	200	1713		
teleman.pr.mcs.net	-	804571974	GET	/shuttle/countdown/video/livevideo.gif	200	73132		
129.188.154.200	-	804571975	GET	/shuttle/	200	957		
waters-gw.starway.net.au	-	804571975	GET	/shuttle/missions/51-l/images/86HC68.GIF	200	116798		
dnet018.sat.texas.net	-	804571977	GET	/history/apollo/apollo-13/videos/	200	381		
burger.letters.com	-	804571977	GET	/shuttle/countdown/video/livevideo.gif	200	73132		
www-d3.proxy.aol.com	-	804571982	GET	/shuttle/missions/sts-71/images/KSC-95EC-0918.jpg	200	46888		
dnet018.sat.texas.net	-	804571984	GET	/history/apollo/apollo-13/	200	1732		
205.188.0.173	-	804571985	GET	/shuttle/missions/sts-71/images/images.html	200	7634		
oahu-53.u.aloha.net	-	804571985	GET	/shuttle/missions/missions.html	200	8677		
pipe6.nyc.pipeline.com	-	804571986	GET	/shuttle/missions/sts-71/movies/sts-71-hatch-hand-group.mpg	200	1081049		
129.188.154.200	-	804571986	GET	/	200	7074		
oahu-53.u.aloha.net	-	804571987	GET	/images/launchmedium.gif	200	11853		
blv-pm0-ip28.halcyon.com	-	804571987	GET	/history/apollo/apollo-12/apollo-12.html	304	0		
166.79.67.111	-	804571989	GET	/images/NASA-logosmall.gif	304	0		
dd11-054.compuserve.com	-	804571991	GET	/shuttle/technology/sts-newsref/sts-lcc.html	200	32252		
uconnvm.uconn.edu	-	804571993	GET	/ksc.html	200	7074		
166.79.67.111	-	804572000	GET	/images/KSC-logosmall.gif	304	0		
oahu-53.u.aloha.net	-	804572000	GET	/images/NASA-logosmall.gif	200	786		
oahu-53.u.aloha.net	-	804572000	GET	/images/KSC-logosmall.gif	200	1204		
166.79.67.111	-	804572001	GET	/shuttle/countdown/count.gif	200	40310		
blv-pm0-ip28.halcyon.com	-	804572005	GET	/history/skylab/skylab.html	200	1687		
204.212.254.71	-	804572005	GET	/shuttle/missions/sts-71/mission-sts-71.html	200	12040		
blv-pm0-ip28.halcyon.com	-	804572006	GET	/history/skylab/skylab-small.gif	200	9202		
ix-tam1-26.ix.netcom.com	-	804572007	GET	/shuttle/missions/sts-71/sts-71-press-kit.txt	200	78588		
kenmarks-ppp.clark.net	-	804572008	GET	/software/winvn/winvn.html	200	9867		
ppp4.sunrem.com	-	804572009	GET	/shuttle/missions/sts-71/images/KSC-95EC-0918.jpg	200	46888		
204.212.254.71	-	804572010	GET	/shuttle/missions/sts-71/sts-71-patch-small.gif	200	12054		
204.212.254.71	-	804572011	GET	/images/KSC-logosmall.gif	200	1204		
kenmarks-ppp.clark.net	-	804572011	GET	/software/winvn/winvn.gif	304	0		
kenmarks-ppp.clark.net	-	804572012	GET	/software/winvn/wvsmall.gif	304	0		
kenmarks-ppp.clark.net	-	804572012	GET	/images/KSC-logosmall.gif	304	0		
kenmarks-ppp.clark.net	-	804572013	GET	/images/MOSAIC-logosmall.gif	304	0		
kenmarks-ppp.clark.net	-	804572013	GET	/images/USA-logosmall.gif	304	0		
kenmarks-ppp.clark.net	-	804572013	GET	/images/WORLD-logosmall.gif	304	0		
kenmarks-ppp.clark.net	-	804572014	GET	/images/construct.gif	304	0		
kenmarks-ppp.clark.net	-	804572014	GET	/software/winvn/bluemarb.gif	304	0		
slip1.kias.com	-	804572016	GET	/shuttle/missions/sts-71/images/KSC-95EC-0918.jpg	200	46888		
kuts5p06.cc.ukans.edu	-	804572018	GET	/ksc.html	200	7074		
204.212.254.71	-	804572018	GET	/images/launch-logo.gif	200	1713		
kuts5p06.cc.ukans.edu	-	804572020	GET	/images/ksclogo-medium.gif	200	5866		
oahu-53.u.aloha.net	-	804572022	GET	/shuttle/missions/sts-78/mission-sts-78.html	200	4377		
oahu-53.u.aloha.net	-	804572023	GET	/shuttle/missions/sts-78/sts-78-patch-small.gif	200	4179		
blv-pm0-ip28.halcyon.com	-	804572026	GET	/history/skylab/skylab-3.html	200	1424		
waters-gw.starway.net.au	-	804572027	GET	/shuttle/missions/51-l/movies/	200	372		
oahu-53.u.aloha.net	-	804572028	GET	/images/launch-logo.gif	200	1713		
blv-pm0-ip28.halcyon.com	-	804572028	GET	/history/skylab/skylab-logo.gif	200	3274		
sfsp86.slip.net	-	804572030	GET	/shuttle/countdown/	200	3985		
ix-wbg-va2-26.ix.netcom.com	-	804572033	GET	/history/apollo/apollo-11/images/69HC680.GIF	200	149444		
ppp-nyc-3-1.ios.com	-	804572033	GET	/shuttle/missions/sts-71/movies/sts-71-hatch-hand-group.mpg	200	1081049		
teleman.pr.mcs.net	-	804572051	GET	/shuttle/missions/sts-71/movies/sts-71-mir-dock.mpg	200	122880		
temprano.netheaven.com	-	804572057	GET	/shuttle/countdown/	200	3985		
blv-pm0-ip28.halcyon.com	-	804572057	GET	/persons/astronauts/i-to-l/lousmaJR.txt	404	0		
waters-gw.starway.net.au	-	804572058	GET	/shuttle/missions/51-l/docs/	200	368		
temprano.netheaven.com	-	804572060	GET	/images/NASA-logosmall.gif	200	786		
temprano.netheaven.com	-	804572060	GET	/shuttle/countdown/count.gif	200	40310		
pm110.spectra.net	-	804572061	GET	/shuttle/missions/sts-71/sts-71-day-01-highlights.html	200	2722		
129.188.154.200	-	804572061	GET	/shuttle/missions/sts-71/images/images.html	200	7634		
blv-pm0-ip28.halcyon.com	-	804572062	GET	/history/skylab/skylab-logo.gif	200	3274		
ix-sd11-26.ix.netcom.com	-	804572063	GET	/shuttle/missions/sts-71/images/KSC-95EC-0893.jpg	200	298302		
ppp4.sunrem.com	-	804572064	GET	/cgi-bin/imagemap/countdown?266,274	302	85		
temprano.netheaven.com	-	804572066	GET	/images/KSC-logosmall.gif	200	1204		
sfsp86.slip.net	-	804572067	GET	/shuttle/countdown/count.gif	200	40310		
sfsp86.slip.net	-	804572070	GET	/images/NASA-logosmall.gif	200	786		
boing.dgsys.com	-	804572070	GET	/facts/faq11.html	200	22096		
ppp4.sunrem.com	-	804572071	GET	/htbin/cdt_main.pl	200	3214		
blv-pm0-ip28.halcyon.com	-	804572072	GET	/persons/astronauts/a-to-d/beanAL.txt	404	0		
waters-gw.starway.net.au	-	804572076	GET	/shuttle/missions/51-l/news/	200	368		
slip-5.io.com	-	804572076	GET	/history/apollo/apollo.html	200	3258		
ottgate2.bnr.ca	-	804572077	GET	/shuttle/countdown/countdown.html	304	0		
waters-gw.starway.net.au	-	804572153	GET	/htbin/wais.pl?51-L	200	316		
dd11-054.compuserve.com	-	804572155	GET	/shuttle/technology/sts-newsref/sts-lcc.html	200	32252		
204.212.254.71	-	804572158	GET	/shuttle/countdown/	200	3985		
204.227.13.26	-	804572158	GET	/shuttle/countdown/	200	3985		
slip-5.io.com	-	804572159	GET	/history/apollo/as-201/as-201.html	200	3680		
slip-5.io.com	-	804572162	GET	/history/apollo/as-201/as-201-patch-small.gif	200	16184		
204.227.13.26	-	804572162	GET	/images/NASA-logosmall.gif	200	786		
204.227.13.26	-	804572162	GET	/shuttle/countdown/count.gif	200	40310		
ppp111.cs.mci.com	-	804572163	GET	/shuttle/missions/sts-74/mission-sts-74.html	200	3707		
ix-sd11-26.ix.netcom.com	-	804572163	GET	/shuttle/countdown/count.gif	200	40310		
ix-tam1-26.ix.netcom.com	-	804572164	GET	/shuttle/missions/sts-68/ksc-srl-image.html	200	1404		
156.151.176.30	-	804572164	GET	/ksc.html	200	7074		
slip-5.io.com	-	804572165	GET	/images/ksclogosmall.gif	200	3635		
204.212.254.71	-	804572165	GET	/images/NASA-logosmall.gif	200	786		
slip-5.io.com	-	804572168	GET	/history/apollo/images/footprint-logo.gif	200	4209		
ppp111.cs.mci.com	-	804572169	GET	/shuttle/missions/sts-74/sts-74-patch-small.gif	200	4179		
svasu.extern.ucsd.edu	-	804572169	GET	/history/apollo/apollo-13/docs/	200	377		
pm28.sonic.net	-	804572170	GET	/cgi-bin/imagemap/countdown?373,274	302	68		
detroit.freenet.org	-	804572170	GET	/shuttle/countdown	302	0		
ip155.tmn.com	-	804572171	GET	/shuttle/missions/sts-71/movies/crew-arrival-t38.mpg	200	305722		
204.212.254.71	-	804572172	GET	/shuttle/countdown/count.gif	200	40310		
129.188.154.200	-	804572173	GET	/shuttle/missions/sts-71/movies/movies.html	200	3092		
156.151.176.30	-	804572173	GET	/images/ksclogo-medium.gif	200	5866		
blv-pm0-ip28.halcyon.com	-	804572174	GET	/facts/facts.html	200	4717		
shrspine.rapidramp.com	-	804572175	GET	/shuttle/missions/missions.html	304	0		
svasu.extern.ucsd.edu	-	804572175	GET	/history/apollo/apollo-13/	200	1732		
blv-pm0-ip28.halcyon.com	-	804572175	GET	/images/faq.gif	200	263		
shrspine.rapidramp.com	-	804572176	GET	/images/launchmedium.gif	304	0		
detroit.freenet.org	-	804572176	GET	/shuttle/countdown/	200	3985		
shrspine.rapidramp.com	-	804572176	GET	/images/KSC-logosmall.gif	304	0		
ppp111.cs.mci.com	-	804572177	GET	/images/launch-logo.gif	200	1713		
svasu.extern.ucsd.edu	-	804572177	GET	/icons/text.xbm	200	527		
annex-p2.sci.dixie.edu	-	804572180	GET	/shuttle/countdown/liftoff.html	200	4538		
ppp111.cs.mci.com	-	804572180	GET	/images/KSC-logosmall.gif	200	1204		
204.227.13.26	-	804572181	GET	/images/KSC-logosmall.gif	200	1204		
shrspine.rapidramp.com	-	804572181	GET	/images/NASA-logosmall.gif	304	0		
156.151.176.30	-	804572181	GET	/images/NASA-logosmall.gif	200	786		
svasu.extern.ucsd.edu	-	804572185	GET	/history/apollo/apollo-13/videos/	200	381		
detroit.freenet.org	-	804572187	GET	/shuttle/missions/sts-71/movies/movies.html	200	3092		
ix-dc10-19.ix.netcom.com	-	804572189	GET	/	200	7074		
teleman.pr.mcs.net	-	804572190	GET	/shuttle/missions/sts-71/movies/sts-71-mir-dock-2.mpg	200	65536		
ix-wbg-va2-26.ix.netcom.com	-	804572190	GET	/history/apollo/apollo-11/images/69HC683.GIF	200	193700		
blv-pm0-ip28.halcyon.com	-	804572193	GET	/facts/faq06.html	200	12686		
ix-dc10-19.ix.netcom.com	-	804572194	GET	/images/ksclogo-medium.gif	200	5866		
shrspine.rapidramp.com	-	804572195	GET	/shuttle/missions/sts-37/mission-sts-37.html	200	6023		
156.151.176.45	-	804572195	GET	/ksc.html	304	0		
port2.cia.com	-	804572196	GET	/shuttle/missions/sts-71/mission-sts-71.html	200	12040		
shrspine.rapidramp.com	-	804572197	GET	/shuttle/missions/sts-37/sts-37-patch-small.gif	200	10371		
port2.cia.com	-	804572197	GET	/shuttle/missions/sts-71/sts-71-patch-small.gif	200	12054		
156.151.176.45	-	804572197	GET	/images/NASA-logosmall.gif	304	0		
156.151.176.45	-	804572197	GET	/images/ksclogo-medium.gif	304	0		
156.151.176.45	-	804572197	GET	/images/MOSAIC-logosmall.gif	304	0		
ppp111.cs.mci.com	-	804572198	GET	/shuttle/resources/orbiters/atlantis.html	200	7025		
ix-dc10-19.ix.netcom.com	-	804572199	GET	/images/NASA-logosmall.gif	200	786		
port2.cia.com	-	804572199	GET	/images/KSC-logosmall.gif	200	1204		
port2.cia.com	-	804572199	GET	/images/launch-logo.gif	200	1713		
156.151.176.45	-	804572200	GET	/images/WORLD-logosmall.gif	304	0		
ix-dc10-19.ix.netcom.com	-	804572200	GET	/images/MOSAIC-logosmall.gif	200	363		
ix-dc10-19.ix.netcom.com	-	804572202	GET	/images/USA-logosmall.gif	200	234		
shrspine.rapidramp.com	-	804572203	GET	/images/launch-logo.gif	304	0		
svasu.extern.ucsd.edu	-	804572203	GET	/history/apollo/apollo.html	200	3258		
156.151.176.45	-	804572203	GET	/images/USA-logosmall.gif	304	0		
ix-dc10-19.ix.netcom.com	-	804572204	GET	/images/WORLD-logosmall.gif	200	669		
ppp111.cs.mci.com	-	804572204	GET	/shuttle/resources/orbiters/atlantis-logo.gif	200	4179		
kuts5p06.cc.ukans.edu	-	804572204	GET	/ksc.html	200	7074		
www-a1.proxy.aol.com	-	804572204	GET	/images/oldtower.gif	200	173919		
cu-dialup-1005.cit.cornell.edu	-	804572206	GET	/software/winvn/winvn.html	200	9867		
kuts5p06.cc.ukans.edu	-	804572206	GET	/images/ksclogo-medium.gif	200	5866		
cu-dialup-1005.cit.cornell.edu	-	804572207	GET	/images/construct.gif	200	1414		
cu-dialup-1005.cit.cornell.edu	-	804572207	GET	/software/winvn/bluemarb.gif	200	4441		
cu-dialup-1005.cit.cornell.edu	-	804572207	GET	/software/winvn/winvn.gif	200	25218		
svasu.extern.ucsd.edu	-	804572208	GET	/history/apollo/images/footprint-small.gif	200	18149		
ppp111.cs.mci.com	-	804572209	GET	/images/ksclogosmall.gif	200	3635		
kuts5p06.cc.ukans.edu	-	804572210	GET	/images/USA-logosmall.gif	200	234		
kuts5p06.cc.ukans.edu	-	804572210	GET	/images/MOSAIC-logosmall.gif	200	363		
kuts5p06.cc.ukans.edu	-	804572210	GET	/images/NASA-logosmall.gif	200	786		
kuts5p06.cc.ukans.edu	-	804572211	GET	/images/WORLD-logosmall.gif	200	669		
129.188.154.200	-	804572211	GET	/htbin/wais.pl	200	308		
ix-dc10-19.ix.netcom.com	-	804572213	GET	/shuttle/countdown/	200	3985		
acs4.acs.ucalgary.ca	-	804572213	GET	/shuttle/missions/missions.html	200	8677		
ppp111.cs.mci.com	-	804572214	GET	/shuttle/resources/orbiters/orbiters-logo.gif	200	1932		
cu-dialup-1005.cit.cornell.edu	-	804572214	GET	/software/winvn/wvsmall.gif	200	13372		
svasu.extern.ucsd.edu	-	804572214	GET	/history/apollo/images/apollo-logo.gif	200	3047		
ix-dc10-19.ix.netcom.com	-	804572216	GET	/shuttle/countdown/count.gif	200	40310		
cu-dialup-1005.cit.cornell.edu	-	804572216	GET	/images/KSC-logosmall.gif	200	1204		
cu-dialup-1005.cit.cornell.edu	-	804572216	GET	/images/MOSAIC-logosmall.gif	200	363		
svasu.extern.ucsd.edu	-	804572218	GET	/history/apollo/apollo-goals.txt	200	712		
129.188.154.200	-	804572220	GET	/shuttle/movies/astronauts.mpg	200	106496		
cu-dialup-1005.cit.cornell.edu	-	804572223	GET	/images/USA-logosmall.gif	200	234		
129.188.154.200	-	804572223	GET	/htbin/wais.pl?mpeg	200	1639		
acs4.acs.ucalgary.ca	-	804572223	GET	/	200	7074		
shrspine.rapidramp.com	-	804572225	GET	/facts/faq12.html	200	19547		
kuts5p06.cc.ukans.edu	-	804572225	GET	/shuttle/missions/missions.html	200	8677		
kuts5p06.cc.ukans.edu	-	804572228	GET	/images/launchmedium.gif	200	11853		
dialup61.afn.org	-	804572229	GET	/htbin/cdt_main.pl	200	3214		
204.227.13.26	-	804572231	GET	/shuttle/missions/sts-71/mission-sts-71.html	200	12040		
kuts5p06.cc.ukans.edu	-	804572231	GET	/images/KSC-logosmall.gif	200	1204		
dialup61.afn.org	-	804572232	GET	/images/NASA-logosmall.gif	304	0		
ppp5.earthlight.co.nz	-	804572233	GET	/shuttle/missions/sts-70/mission-sts-70.html	200	13469		
204.227.13.26	-	804572233	GET	/shuttle/missions/sts-71/sts-71-patch-small.gif	200	12054		
sfsp86.slip.net	-	804572236	GET	/shuttle/missions/sts-71/images/images.html	200	7634		
news.ti.com	-	804572239	GET	/shuttle/missions/sts-71/news	302	0		
dialup61.afn.org	-	804572239	GET	/shuttle/countdown/countdown.html	200	3985		
ix-dc10-19.ix.netcom.com	-	804572239	GET	/images/KSC-logosmall.gif	200	1204		
news.ti.com	-	804572240	GET	/shuttle/missions/sts-71/news/	200	3442		
dialup61.afn.org	-	804572241	GET	/shuttle/countdown/count.gif	304	0		
dialup61.afn.org	-	804572242	GET	/images/KSC-logosmall.gif	304	0		
204.227.13.26	-	804572242	GET	/images/launch-logo.gif	200	1713		
news.ti.com	-	804572243	GET	/icons/blank.xbm	200	509		
news.ti.com	-	804572243	GET	/icons/menu.xbm	200	527		
news.ti.com	-	804572243	GET	/icons/text.xbm	200	527		
ix-dc10-19.ix.netcom.com	-	804572244	GET	/cgi-bin/imagemap/countdown?375,272	302	68		
svasu.extern.ucsd.edu	-	804572248	GET	/history/apollo/images/footprint-small.gif	200	18149		
svasu.extern.ucsd.edu	-	804572248	GET	/history/apollo/images/apollo-logo.gif	200	3047		
shrspine.rapidramp.com	-	804572248	GET	/images/faq.gif	200	263		
shrspine.rapidramp.com	-	804572249	GET	/images/ksclogosmall.gif	200	3635		
kuts5p06.cc.ukans.edu	-	804572249	GET	/shuttle/missions/sts-78/mission-sts-78.html	200	4377		
ix-tam1-26.ix.netcom.com	-	804572249	GET	/shuttle/missions/sts-68/images/ksc.gif	200	152676		
detroit.freenet.org	-	804572249	GET	/shuttle/missions/sts-71/movies/sts-71-mir-dock.mpg	200	946425		
kuts5p06.cc.ukans.edu	-	804572251	GET	/shuttle/missions/sts-78/sts-78-patch-small.gif	200	4179		
129.188.154.200	-	804572252	GET	/shuttle/countdown/lps/mpeg.html	200	1221		
kuts5p06.cc.ukans.edu	-	804572253	GET	/images/launch-logo.gif	200	1713		
129.188.154.200	-	804572254	GET	/shuttle/countdown/lps/back.gif	200	1289		
pm28.sonic.net	-	804572254	GET	/shuttle/missions/sts-71/images/images.html	200	7634		
dd11-054.compuserve.com	-	804572255	GET	/shuttle/missions/sts-67/sts-67-patch.jpg	200	103193		
svasu.extern.ucsd.edu	-	804572256	GET	/history/apollo/apollo-spacecraft.txt	200	2261		
129.188.154.200	-	804572259	GET	/htbin/cdt_main.pl	200	3214		
leet.cts.com	-	804572262	GET	/shuttle/missions/sts-71/images/images.html	200	7634		
129.193.116.41	-	804572266	GET	/shuttle/countdown/	200	3985		
129.188.154.200	-	804572267	GET	/shuttle/countdown/countdown.html	200	3985		
129.188.154.200	-	804572269	GET	/shuttle/countdown/count.gif	200	40310		
129.193.116.41	-	804572271	GET	/shuttle/countdown/count.gif	200	40310		
129.193.116.41	-	804572272	GET	/images/NASA-logosmall.gif	200	786		
129.193.116.41	-	804572272	GET	/images/KSC-logosmall.gif	200	1204		
acs4.acs.ucalgary.ca	-	804572274	GET	/shuttle/missions/sts-71/mission-sts-71.html	200	12040		
news.ti.com	-	804572274	GET	/shuttle/missions/sts-71/sts-71-info.html	200	1440		
kuts5p06.cc.ukans.edu	-	804572275	GET	/shuttle/missions/sts-77/mission-sts-77.html	200	3071		
traitor.demon.co.uk	-	804572277	GET	/history/apollo/apollo-13/apollo-13-patch-small.gif	200	12859		
kuts5p06.cc.ukans.edu	-	804572277	GET	/shuttle/missions/sts-77/sts-77-patch-small.gif	200	4179		
blv-pm0-ip28.halcyon.com	-	804572281	GET	/facts/launch-pass.txt	200	29823		
acs4.acs.ucalgary.ca	-	804572282	GET	/shuttle/countdown/	200	3985		
sfsp86.slip.net	-	804572282	GET	/shuttle/missions/sts-71/images/KSC-95EC-0917.gif	200	30995		
204.227.13.26	-	804572283	GET	/cgi-bin/imagemap/countdown?99,144	302	96		
204.248.98.63	-	804572285	GET	/shuttle/countdown/	200	3985		
slip-5.io.com	-	804572286	GET	/history/apollo/as-201/as-201-info.html	200	1395		
kuts5p06.cc.ukans.edu	-	804572288	GET	/shuttle/missions/sts-76/mission-sts-76.html	200	3109		
h-shining.norfolk.infi.net	-	804572288	GET	/shuttle/missions/sts-71/mission-sts-71.html	200	12040		
kuts5p06.cc.ukans.edu	-	804572290	GET	/shuttle/missions/sts-76/sts-76-patch-small.gif	200	4179		
204.248.98.63	-	804572290	GET	/shuttle/countdown/count.gif	200	40310		
204.248.98.63	-	804572290	GET	/images/NASA-logosmall.gif	200	786		
204.248.98.63	-	804572290	GET	/images/KSC-logosmall.gif	200	1204		
slip-5.io.com	-	804572293	GET	/history/apollo/as-201/sounds/	200	372		
traitor.demon.co.uk	-	804572293	GET	/images/ksclogosmall.gif	200	3635		
ppp160.iadfw.net	-	804572293	GET	/shuttle/countdown/countdown.html	200	3985		
traitor.demon.co.uk	-	804572293	GET	/history/apollo/images/footprint-logo.gif	200	4209		
slip-5.io.com	-	804572295	GET	/icons/blank.xbm	200	509		
slip-5.io.com	-	804572295	GET	/icons/menu.xbm	200	527		
cu-dialup-1005.cit.cornell.edu	-	804572296	GET	/software/winvn/wvlarge.gif	200	23416		
h-shining.norfolk.infi.net	-	804572300	GET	/shuttle/missions/sts-71/sts-71-patch-small.gif	200	12054		
net-1-217.eden.com	-	804572300	GET	/shuttle/missions/sts-71/images/images.html	200	7634		
slip-5.io.com	-	804572303	GET	/history/apollo/as-201/	200	1699		
pm28.sonic.net	-	804572303	GET	/shuttle/missions/sts-71/images/KSC-95EC-0613.gif	200	45970		
slip-5.io.com	-	804572305	GET	/icons/text.xbm	200	527		
slip-5.io.com	-	804572305	GET	/icons/image.xbm	200	509		
www-a1.proxy.aol.com	-	804572307	GET	/facilities/vab.html	200	4045		
teleman.pr.mcs.net	-	804572308	GET	/shuttle/missions/sts-71/movies/sts-71-mir-dock-2.mpg	200	139264		
remote27.compusmart.ab.ca	-	804572308	GET	/shuttle/missions/sts-71/sts-71-patch-small.gif	200	12054		
ppp160.iadfw.net	-	804572308	GET	/shuttle/missions/missions.html	200	8677		
kuts5p06.cc.ukans.edu	-	804572309	GET	/shuttle/missions/missions.html	200	8677		
cu-dialup-1005.cit.cornell.edu	-	804572310	GET	/images/WORLD-logosmall.gif	200	669		
whlane.cts.com	-	804572311	GET	/shuttle/missions/missions.html	200	8677		
whlane.cts.com	-	804572313	GET	/images/launchmedium.gif	200	11853		
www-a1.proxy.aol.com	-	804572313	GET	/images/vab-small.gif	200	35709		
slip-5.io.com	-	804572313	GET	/history/apollo/as-201/sounds/	200	372		
ottgate2.bnr.ca	-	804572314	GET	/shuttle/technology/images/et_1-small.gif	200	35624		
ppp5.earthlight.co.nz	-	804572315	GET	/shuttle/missions/sts-70/sts-70-info.html	200	1429		
ppp24.swcp.com	-	804572315	GET	/shuttle/countdown/	200	3985		
ottgate2.bnr.ca	-	804572317	GET	/shuttle/technology/images/et-lox_1-small.gif	200	36098		
ppp24.swcp.com	-	804572319	GET	/shuttle/countdown/count.gif	200	40310		
ppp24.swcp.com	-	804572319	GET	/images/KSC-logosmall.gif	200	1204		
ppp24.swcp.com	-	804572319	GET	/images/NASA-logosmall.gif	200	786		
cu-dialup-1005.cit.cornell.edu	-	804572319	GET	/pub/winvn/readme.txt	404	0		
whlane.cts.com	-	804572321	GET	/images/NASA-logosmall.gif	200	786		
whlane.cts.com	-	804572321	GET	/images/KSC-logosmall.gif	200	1204		
slip-5.io.com	-	804572321	GET	/history/apollo/as-201/	200	1699		
204.227.13.26	-	804572322	GET	/cgi-bin/imagemap/countdown?98,108	302	111		
h-shining.norfolk.infi.net	-	804572322	GET	/images/KSC-logosmall.gif	200	1204		
ix-tam1-26.ix.netcom.com	-	804572323	GET	/shuttle/missions/sts-68/images/ksc-upclose.gif	200	86984		
burger.letters.com	-	804572323	GET	/shuttle/countdown/liftoff.html	304	0		
